NAVID;Français
1;Médian
2;Sagittal
3;Transversal
4;Médial
5;Intermédiaire
6;Latéral
7;Crânial
8;Moyen
9;Caudal
10;Antérieur
11;Rostral
12;Postérieur
13;Dorsal
14;Ventral
15;Supérieur
16;Inférieur
17;Interne
18;Externe
19;Droite
20;Gauche
21;Longitudinal
22;Transverse
23;Superficiel
24;Profond
25;Termes relatifs aux membres
26;Proximal
27;Distal
28;Axial
29;Abaxial
30;Palmaire
31;Plantaire
32;Termes généraux
33;Abducens
34;Abducteur
35;Anormal
36;Accessoire
37;Acinus
38;Acropode
39;Aigu
40;Adducteur
41;Adipeux
42;Adventice
43;Afférent
44;Attaché à
45;Agrégat
46;Albicans
47;Albuginé
48;Blanc
49;Alimentaire
50;Ambigu
51;Ampullaire
52;Amygdale
53;Anatomie
54;Ancón
55;Angle
56;Ansa
57;Annulaire
58;Apical
59;Aqueux
60;Arqué
61;Aréole
62;Arrecteur
63;Artériole
64;Aryténoïde
65;Ascendant
66;Asper
67;Associé
68;Auditus
69;Autonome
70;Autopodium
71;Azygos
72;Basal
73;Basilaire
74;Basipode
75;Bicorne
76;Branchies
77;Court
78;Buccin
79;Ampoule
80;Bourse
81;Calleux
82;Calx;Calx;Calx, calcis;
83;Canal
84;Canalicule
85;Capillaire
86;Capital
87;Capitat
88;Cardia
89;Cardiaque
90;Caroncle
91;Carnéus
92;Caverneux
93;Creux
94;Aveugle
95;Céliaque
96;Central
97;Céphalique
98;Céruléen
99;Chroma
100;Chylus
101;Cil
102;Grisâtre
103;Circonflexe
104;Clinoïde
105;Fesse
106;Coccyx
107;Collatéral
108;Cornes
109;Communication
110;Commun
111;Compact
112;Conque
113;Condyle
114;Conjugaison
115;Conjonctif
116;Constricteur
117;Corniculé
118;Corne (Partie du corps)
119;Hanche
120;Épais
121;Criblé
122;Cricoïde
123;Crête
124;Croisé
125;Décidual
126;Déférent
127;Delta
128;Denticulé
129;Dépresseur
130;Descendant
131;Digastrique
132;Digital
133;Dilatateur
134;Diverticule
135;Conduit
136;Dur
137;Efférent
138;Éjaculateur
139;Élastique
140;Ellipsoïde
141;Embryon
142;Éminence
143;Émissaire
144;Endothélium
145;Épigastre
146;Équin
147;Érecteur
148;Dépression
149;Extenseur
150;Extrémité
151;Fel
152;Fœtus
153;Fibre
154;Fibulaire
155;Filament
156;Fissure
157;Jaune
158;Fléchisseur
159;Courbure
160;Foramen
161;Fosse
162;Fossette
163;Frontal
164;Fond
165;Fuscus
166;Fusiforme
167;Gélatineux
168;Genèse
169;Génital
170;Globe
171;Glomérule
172;Fessier
173;Gracile
174;Granulation
175;Gris
176;Gyrus
177;Hamatus
178;Hyalin
179;Hyoïde
180;Hypogastre
181;Hypoglosse
182;Ilia
183;Iliaque
184;Impair
185;Impression
186;Imus
187;Incisure
188;Incision
189;Infundibulum
190;Interstitiel
191;Intime
192;Entrée
193;Ischiatique
194;Ischion
195;Isthme
196;Lèvre
197;Lait
198;Déchiré
199;Lacrymal
200;Lacune
201;Lame
202;Latissimus
203;Élévateur
204;Libre
205;Ligamentaire
206;Limbe
207;Limitant
208;Ligne
209;Long
210;Lucidus
211;Lombrical
212;Lunatus
213;Lutéus
214;Lymphonoeud
215;Grand
216;Majeur
217;Mamelle
218;Margo
219;Masticateur
220;Mastoïdien
221;Mère
222;Matrice
223;Mésothélium
224;Métapode
225;Méat
226;Mineur
227;Mitra
228;Mola
229;Moléculaire
230;Mou
231;Moteur
232;Muqueux
233;Multifide
234;Naviculaire
235;Nephros
236;Neurone
237;Noir
238;Nom
239;Nucléole
240;Nourricier
241;Oblique
242;Obturateur
243;Obtus
244;Occipital
245;Olfactif
246;Ophtalmique
247;Orbiculaire
248;Organique
249;Os
250;Ostium
251;Otique
252;Oeuf 
253;Pallidus
254;Pampiniforme
255;Mamelon
256;Paraganglion
257;Parasympathique
258;Parotide
259;Partie
260;Petit
261;Pédale
262;Perforé
263;Périphérie
264;Permanent
265;Perpendiculaire
266;Péronée
267;Pétra
268;Phallus
269;Pigment
270;Pinée
271;Piriforme
272;Pisiforme
273;Pituitaire
274;Plan
275;Pneumatique
276;Porte
277;Première
278;Prisme
279;Processus
280;Pronateur
281;Propre
282;Ptérygoïdien
283;Poils pubiens
284;Honteux
285;Pulpeux
286;Pyramide
287;Carré
288;Quadriceps
289;Radial
290;Racine
291;Branche
292;Récessus
293;Droit
294;Récurrent
295;Réflexe
296;Région
297;Rénal
298;Respiration
299;Réseau 
300;Rétinaculum
301;Rétroflexe
302;Rhomboïde
303;Rond
304;Rouge
305;Rudimentaire
307;Sac
308;Salive
309;Scalène
310;Sébacé
311;Sébum
312;Secret
313;Sperme [Semen]
314;Sens
315;Septum
316;Dentelé
317;Sérum
318;Sésamoïde
319;Sigmoïde
320;Simple
321;Sinus
322;Solitaire
323;Espace
324;Sperme
325;Os sphénoïde
326;Sphéroïde
327;Sphincter
328;Épine
329;Spiral
330;Splanchnique
331;Spongieux
332;Squameux
333;Statut
334;Stellatus
335;Strate
336;Strié
337;Stylopodium
338;Style
339;Sueur
340;Sillon
341;Supinateur
342;Supinus
343;Suspendu
344;Sympathique
345;Synchondrosis
346;Tactile
347;Tectorius
348;Tempe
349;Ténia
350;Tenseur
351;Mince
352;Teres
353;Terminal
354;Théque
355;Thorax
356;Tibial
357;Tonsille
358;Tractus
359;Trigone
360;Trochanter
361;Tronc
362;Tube
363;Tubérosité (Tuber)
364;Tubercule
365;Tubérosité (Tuberositas)
366;Tunique
367;Tympanique
368;Ulnaire
369;Unciné
370;Urine
371;Gaine tendineuse
372;Vague
373;Valve
374;Vasculaire
375;Vaste
376;Voile
377;Estomac
378;Vésical
379;Vestibulaire
380;Vestigium
381;Viscère
382;Vue
383;Jaune d'œuf
384;Vitré
385;Vocal
386;Vorticosus
387;Xiphoïde
388;Zeugopodium
389;Zone
390;Zygomatique
391;Parties du corps
392;Membres
393;Sinciput
394;Oreille
395;Auricule
396;Face
397;Oeil
398;Paupière supérieure
399;Paupière inférieure
400;Fente palpébrale
401;Bulbe oculaire
402;Sillon infrapalpébral
403;Nez
404;Aile du nez
405;Narine
406;Plan nasal
407;Plan nasolabial
408;Plan rostral
409;Lèvre supérieure
410;Lèvre inférieure
411;Fente orale
412;Cavité orale
413;Langue
414;Joue
415;Menton
416;Sillon mentolabial
417;Cou
419;Nuque
420;Crinière
422;Pharynx (Partie du corps)
423;Dos
424;Axe vertébral [Colonne vertébrale]
424;Os de l'axe vertébral
425;Lombes
426;Cage thoracique
427;Mamelle thoracique
428;Abdomen
429;Cavité abdominale
430;Fosse épigastrique
431;Ombilic
432;Flanc
433;Pli latéral
434;Pli inguinal
435;Mamelle abdominale
436;Mamelle inguinale
437;Pis (Partie du corps)
439;Fesses
440;Crena ani
442;Vulve
443;Racine de la queue
444;Membre thoracique
445;Aisselle
446;Pli axillaire
447;Bras
448;Face crâniale du bras
449;Face caudale du bras
450;Face latérale du bras
451;Face médiale du bras
452;Sillon bicipital latéral
453;Sillon bicipital médial
454;Coude
455;Avant-bras
456;Face crâniale de l'avant-bras
457;Face caudale de l'avant-bras
458;Face latérale de l'avant-bras
459;Face médiale de l'avant-bras
460;Main
461;Dos de la main
462;Paume de la main
463;Poignet
464;Face dorsale du carpe
465;Face palmaire du carpe
466;Face latérale du carpe
467;Face médiale du carpe
468;Coussinet carpien (Partie du corps)
469;Métacarpe
470;Face dorsale du métacarpe
471;Face palmaire du métacarpe
472;Face latérale du métacarpe
473;Face médiale du métacarpe
474;Coussinet métacarpien
475;Ergot métacarpien
476;Doigts de la main
477;Doigt I [pouce]
476;Doigt I (Ergot)
476;Doigt de la main
476;Doigt II de la main
476;Doigt III de la main
476;Doigt IV de la main
476;Doigt V de la main
478;Face dorsale du doigt
479;Face palmaire du doigt
480;Face solaire du doigt
481;Face latérale du doigt
482;Face médiale du doigt
483;Face axiale du doigt
484;Face abaxiale du doigt
485;Paradigitus
486;Para-ungula
487;Sabot
488;Griffe
489;Membre pelvien
490;Cuisse
491;Face crâniale de la cuisse
492;Face caudale de la cuisse
493;Face latérale de la cuisse
494;Face médiale de la cuisse
495;Genou
496;Partie postérieure du genou
497;Jambe
498;Face crâniale de la jambe
499;Face caudale de la jambe
500;Face latérale de la jambe
501;Face médiale de la jambe
502;Mollet
503;Malléole latérale
503;Malléole médiale (Partie du corps)
504;Pied
505;Dos du pied
506;Plante du pied
507;Tarse
508;Face dorsale du tarse
509;Face plantaire du tarse
510;Face latérale du tarse
511;Face médiale du tarse
512;Talon
513;Métatarse
514;Face dorsale du métatarse
515;Face plantaire du métatarse
516;Face latérale du métatarse
517;Face médiale du métatarse
518;Ergot métatarsien
519;Doigts de pied
520;Doigt de pied I [Hallux]
519;Doigt de pied
521;Doigts de pied II-V
521;Doigt de pied II
521;Doigt de pied III
521;Doigts III et IV du pied
521;Doigt de pied IV
521;Doigt de pied V
522;Face plantaire des doigts de pied II-V
523;Paradigitus des doigts de pied II-V
524;(Para-unguicule)
525;Régions du corps
526;Ligne dorsale médiane
527;Ligne ventrale médiane
528;Bord tricipital
529;Plan médian
530;Plans sagittaux
531;Plans transversaux
532;Plans dorsaux
533;Régions de la tête
534;Régions du crâne
535;Région frontale
536;Région pariétale
537;Région occipitale
538;Région temporale
539;Fosse supra-orbitaire
540;Région auriculaire
541;Région cornuale
542;Régions de la face
543;Région nasale
544;Région nasale dorsale
545;Région nasale latérale
546;Région de la narine
547;Région orale
548;Région labiale supérieure
549;Région labiale inférieure
550;Région mentonnière
551;Région orbitaire
552;Région palpébrale supérieure
553;Région palpébrale inférieure
554;Région zygomatique
555;Région infra-orbitaire
556;Région de l'articulation temporomandibulaire
557;Région massétérique
558;Région buccale
559;Région maxillaire
560;Région mandibulaire
561;Région intermandibulaire
562;Région infrahyoïde
563;Régions du cou
564;Bord dorsal du cou
564;Bord ventral du cou
565;Région dorsale du cou
566;Région latérale du cou
567;Région parotidienne
568;Fosse rétromandibulaire
569;Région rétro-auriculaire
570;Région pharyngienne
571;Région brachiocéphalique
572;Sillon jugulaire
573;Fosse jugulaire
574;Région sternocéphalique
575;Région préscapulaire
576;Région ventrale du cou
577;Région laryngée
578;Région trachéale
579;Régions pectorales
580;Région présternale
581;Sillon pectoral médian
582;Sillon pectoral latéral
583;Région sternale
584;Région mammaire thoracique
585;Région scapulaire
586;Région du cartilage scapulaire
587;Région supra-épineuse
588;Région infra-épineuse
589;Région acromiale
590;Région costale
591;Région cardiaque
592;Régions de l'abdomen
593;Région crâniale de l'abdomen
594;Région hypochondrale
595;Région xiphoïdienne
596;Région abdominale moyenne
597;Région abdominale latérale
598;Fosse paralombale
599;Région du pli latéral
600;Région ombilicale
601;Région abdominale caudale
602;Région inguinale
603;Région pubienne
604;Région préputiale
605;Région mammaire abdominale
606;Région mammaire inguinale
607;Région mammaire
608;Régions du dos
609;Région thoracique vertébrale [Région dorsocostale]
611;Région interscapulaire
612;Région lombale
613;Régions pelviennes
614;Région sacrale
615;Région glutéale
616;Région de la tuberosité coxale
617;Région cluniale
618;Région de la tubérosité ischiatique
619;Région de la queue
620;Région de la racine de la queue
621;Région périnéale
622;Région anale
623;Région urogénitale
624;Région scrotale
625;Région supramammaire
626;Régions du membre thoracique
627;Région de l'articulation de l'épaule
628;Région axillaire
629;Fosse axillaire
630;Région du bras
631;Région tricipitale
632;Région du coude
633;Région olécranienne
634;Région de l'avant-bras
634;Région de la main
635;Région carpienne
636;Région métacarpienne
637;Région métacarpophalangienne
638;Région de la phalange proximale (main)
639;Région du compedis (main)
640;Région interphalangienne proximale (main)
641;Région de la phalange moyenne (main)
642;Région coronale (main)
643;Espace interdigital (main)
644;Régions du membre pelvien
645;Régions de l'articulation de la hanche
646;Région trochantérique
647;Région fémorale
648;Région du genou
648;Région crâniale du genou
649;Région patellaire
650;Région latérale du genou
651;Région médiale du genou
652;Région poplitée
653;Région de la jambe
654;Région du tendon calcanéen commun
655;Région du tarse
656;Région calcanéenne
657;Région métatarsienne
658;Région métatarsophalangienne
638;Région de la phalange proximale (pied)
639;Région du compedis (pied)
640;Région interphalangienne proximale (pied)
641;Région de la phalange moyenne (pied)
642;Région coronale (pied)
643;Espace interdigital
659;Ostéologie
659;Type d'os
659;Structure interne de l'os
659;Structure des os longs
659;Moelle osseuse et canaux
660;Système squelettique
661;Périoste
662;Endoste
663;Substance corticale
664;Os compact
665;Os spongieux
666;Partie cartilagineuse de l'os
667;Périchondre
668;Squelette appendiculaire
669;Os long
670;Os court
671;Os plat
672;Os irrégulier
673;Os pneumatisé
674;Os sésamoïde
675;Diaphyse
676;Métaphyse
677;Cartilage physial
678;Ligne physiale
679;Epiphyse
680;Cartilage épiphysaire
681;Cartilage articulaire
682;Centre d'ossification primaire
683;Centre d'ossification secondaire
684;Synostose
685;Apophyse
686;Surface articulaire
687;Canal médullaire
688;Moelle osseuse jaune
689;Moelle osseuse rouge
690;Foramen nourricier
691;Canal nourricier
692;Squelette axial
693;Crâne
694;Cavité crânienne
695;Péricrâne
696;Lame externe de la calvaria
697;Diploe
698;Canaux diploïques
699;Lame interne de la calvaria
700;Sillon du sinus sagittal dorsal
701;Tente osseuse du cervelet
702;Eminence cruciforme
703;Méat temporal
704;Canal du sinus transverse
705;Fossettes granulaires
706;Impressions digitales
707;Sillons veineux
708;Sillons artériels
709;(Os sutural)
710;Calvaria
711;Vertex
712;Front
713;Fosse frontale
714;Protubérance intercornuale
715;Occiput
716;Fosse temporale
717;Arcade zygomatique
718;Fosse infratemporale
718;Base du crâne
719;Base externe du crâne
720;Foramen jugulaire
721;Foramen mastoïdien
722;Fissure sphénopétreuse (Car)
723;Fissure sphénotympanique (Car, Ru)
724;Fissure pétro-occipitale (Car, Ru)
725;Fissure tympano-occipitale (Car, Ru, eq)
726;Canal pétro-occipital
727;Foramen déchiré
728;Base interne du crâne
729;Fosse crânienne rostrale
730;Fosses ethmoïdales
731;Fosse crânienne moyenne
732;Crête sphéno-occipitale
733;Fosse crânienne caudale
734;Clivus
735;Fontanelles
736;Fontanelle frontopariétale
737;Fontanelle sphénoïdale
738;Fontanelle mastoïdienne
693;Face (Ostéologie)
739;Fosse ptérygopalatine
740;Foramen palatin caudal
741;Palais osseux
742;Fissure palatine
743;Canal interincisif
744;Fissure interincisive
745;Impressions rugales
746;Torus palatin
741;Cavité nasale (Ostéologie)
747;Septum nasal osseux
748;Ouverture nasale osseuse
749;Incisure naso-incisive
750;Méat nasal dorsal
751;Méat nasal médial
752;Méat nasal ventral
753;Méat nasal commun
754;Canal nasolacrymal
755;Méat nasopharyngien
756;Choanes
757;Récessus maxillaire
758;Fissure nasomaxillaire
759;Fissure nasolacrymale
760;Orbite
760;Cavité de l'orbite
761;Ouverture de l'orbite
762;Bord de l'orbite
763;Bord supra-orbitaire
764;Bord infra-orbitaire
765;Ligament orbitaire
766;Paroi dorsale de l'orbite
767;Paroi ventrale de l'orbite
768;Paroi latérale de l'orbite
769;Paroi médiale de l'orbite
769;Foramen ethmoïdal (Orbite)
769;Foramens ethmoïdaux (Orbite)
770;Sillon lacrymal
771;Fosse du sac lacrymal
772;Fissure orbitaire
773;Foramen orbitorotundum (or, su, Ru)
774;Os du crâne
775;Os occipital
776;Foramen magnum
777;Tubercule nuchal
778;Partie basilaire de l'os occipital
779;Sillon du sinus pétreux ventral
780;Tubercule pharyngien
781;Tubercule musculaire
782;Impression pontine
783;Impression médullaire
783;Sinus sphénoïdal (Os occipital)
784;Partie latérale de l'os occipital
785;Condyle occipital
786;Processus jugulaire
787;Processus paracondylaire
788;Fosse condylaire dorsale
789;Fosse condylaire ventrale
790;Canal du nerf hypoglosse
791;Canal condylaire
792;Incisure jugulaire
793;Processus intrajugulaire
794;Ecaille de l'os occipital
795;Bord mastoïdien
796;Bord pariétal de l'os occipital
797;Processus interpariétal
798;Protubérance occipitale externe
799;Crête occipitale externe
800;Crête nuchale
801;Ligne nuchale
802;Crête sagittale externe
803;Ligne temporale
804;Protubérance occipitale interne
805;Crête occipitale interne
806;Processus tentoricus (Os occipital)
807;Foramen du sinus sagittal dorsal
808;Impression vermienne
808;Sinus frontal caudal (Os occipital)
808;Sillon du sinus transverse (Os occipital)
809;Os interpariétal
810;Processus tentoricus (Os interpariétal)
811;Crête sagittale externe (Os interpariétal)
812;Ligne temporale (Os interpariétal)
813;Crête sagittale interne
814;Sillon du sinus transverse (Os interpariétal)
814;Sinus frontal caudal (Os interpariétal)
815;Septum des sinus frontaux
816;Os sphénoïde
816;Os basisphénoïde
817;Corps de l'os basisphénoïde
818;Selle turcique
819;Fosse hypophysaire
820;(Canal craniopharyngé)
821;Dos de la selle
822;Processus clinoïde caudal
823;Sillon carotidien
824;Aile du basisphenoïde
825;Face cérébrale du basisphénoïde
826;Fosse piriforme
827;Face temporale de l'os basisphénoïde
828;Face maxillaire de l'os basisphénoïde
829;Face orbitaire de l'os basisphénoïde
830;Crête infratemporale
831;Foramen rond
832;Incisure carotidienne
833;Fosse carotidienne
834;Foramen ovale
835;Incisure ovale
836;Foramen épineux
837;Incisure épineuse
838;Os présphénoïde
839;Aile
853;Epine de l'os sphénoïde
854;Sillon du nerf ophtalmique (Car, eq)
855;Sillon du nerf maxillaire (Car, eq)
856;Sillon des nerfs ophtalmique et maxillaire (su, Ru)
857;Sillon de la trompe auditive
858;Processus ptérygoïde
859;Canal alaire
860;Foramen alaire rostral
861;Foramen alaire caudal
862;Petit foramen alaire
863;Crête ptérygoïdienne
864;Fosse scaphoïde
865;Canal ptérygoïdien
866;Sillon du nerf du canal ptérygoïdien
867;Sinus sphénoïdal
868;Septum des sinus sphénoïdaux
869;Corps du présphénoïde
870;Jugum sphénoïdal
871;Sillon chiasmatique
872;Crête sphénoïdale
873;Rostre sphénoïdal
874;Aile du présphénoïde
875;Crête sphéno-orbitaire
876;Canal optique
877;Processus clinoïde rostral
878;Ouverture du sinus sphénoïdal
879;Os ptérygoïdien
880;Incisure ptérygoïdienne (su, ov, cap)
881;Fosse ptérygoïdienne
882;Crochet ptérygoïdien
883;Sillon du crochet ptérygoïdien
884;Os temporal
885;Partie pétreuse
886;Face occipitale
887;Processus mastoïde
888;Sillon pour l'artère méningée caudale
889;Canal du nerf facial
890;Genou du canal du nerf facial
891;Canalicule de la corde du tympan
892;Apex de la partie pétreuse
893;Face rostrale de la partie pétreuse
894;Tegmen tympani
895;Canal du nerf grand pétreux
896;Canal du nerf petit pétreux
897;Empreinte trigéminale
898;Canal du nerf trijumeau
899;Crête pétreuse
900;Sillon du sinus pétreux dorsal
901;Surface médiale de la partie pétreuse
902;Pore acoustique interne
903;Méat acoustique interne
904;Fosse cérébelleuse
905;Fosse subarquée
906;Aqueduc du vestibule
907;Ouverture externe de l'aqueduc du vestibule
908;Bord ventral de la partie pétreuse
908;Incisure jugulaire (Os temporal)
909;Canalicule cochléaire
910;Ouverture externe du canal cochléaire
911;Face ventrale de la partie pétreuse
912;Canalicule mastoïdien
913;Processus styloïde de l'os temporal
914;Foramen stylomastoïdien
915;Canalicule tympanique
916;Fossette pétreuse
917;Cavité tympanique
918;Fissure pétrotympanique
919;Fissure pétrosquameuse
920;Fissure tympanomastoïdienne
921;Fissure tympanosquameuse
922;Partie tympanique
923;Anneau tympanique
924;Sillon tympanique
925;Méat acoustique externe osseux
926;Pore acoustique externe
927;Gaine du processus styloïde
927;Processus musculaire de l'os temporal
927;Bulle tympanique
927;Septum de la bulle tympanique
928;Canal carotidien
929;Canalicules caroticotympaniques
930;Canal musculotubaire
931;Semicanal du muscle tenseur du tympan
932;Semicanal de la trompe auditive
933;Septum du canal musculotubaire
934;Partie endotympanique
935;Bulle tympanique (Partie endotympanique)
936;Septum de la bulle tympanique (Partie endotympanique)
937;Partie squameuse de l’os temporal
938;Bord pariétal de l'os temporal
939;Processus occipital
940;Bord frontal
941;Bord sphénoïdal
942;Face temporale
943;Crête supramastoïdienne
944;Processus zygomatique de l'os temporal
945;Fosse mandibulaire
946;Surface articulaire de la fosse mandibulaire
947;Tubercule articulaire
948;Processus rétro-articulaire
949;Foramen rétro-articulaire
950;Incisure tympanique
951;Processus rétrotympanique
952;Face cérébrale
953;Crête tentorique
954;Sinus frontal caudal
955;Os pariétal
956;Face interne de l'os pariétal
957;(Crête sagittale interne)
958;Processus tentoriel (Os pariétal)
959;Face externe de l'os pariétal
960;Crête sagittale externe de l'os pariétal
961;Ligne temporale de l’os pariétal
962;Tubérosité pariétale
963;Bord occipital
964;Bord squameux
965;Bord sagittal de l'os pariétal
966;Bord interpariétal
967;Bord frontal de l'os pariétal
968;Angle frontal
969;Angle occipital
970;Angle sphénoïdal
971;Angle mastoïdien
972;Plan pariétal
973;Plan temporal
974;Plan nuchal
975;Sillon du sinus sagittal dorsal (Os pariétal)
976;Sinus frontal caudal (Os pariétal)
977;Septum des sinus frontaux (Os pariétal)
978;Os frontal
979;Ecaille de l'os frontal
980;Face externe de l'écaille de l'os frontal
981;Tubérosité frontale
982;Arcade sourcilière
983;Bord supra-orbitaire de l'os frontal
984;Foramen supra-orbitaire
985;Incisure supra-orbitaire
986;Canal supra-orbitaire
986;Sillon supra-orbitaire (Os frontal)
987;Face temporale de l'os frontal
988;Ligne temporale (Os frontal)
989;Crête orbitotemporale
990;Processus zygomatique de l'os frontal
991;Fosse de la glande lacrymale
992;Face interne de l'os frontal
993;Crête frontale
994;Sillon du sinus longitudinal dorsal (Os frontal)
995;Bord ethmoïdal
996;Partie nasale de l'os frontal
997;Bord nasal de l'os frontal
998;Partie orbitaire de l'os frontal
999;Face orbitaire de l'os frontal
1000;Fossette trochléaire
1001;Foramen ethmoïdal
1002;Foramens ethmoïdaux
1003;Crête orbitaire ventrale
1004;Incisure ethmoïdale
1005;Incisure sphénoïdale
1006;Incisure supra-orbitaire caudale (or)
1007;Incisure supra-orbitaire rostrale (or)
1008;Processus cornual
1009;Couronne du processus cornual
1010;Col du processus cornual
1011;Bord pariétal de l'os frontal
1012;Bord sagittal
1013;Sinus frontal
1014;Sinus frontaux
1015;Ouverture du sinus frontal
1016;Septa du sinus frontal
1017;Processus septal
1018;Os ethmoïde
1019;Lame criblée
1020;Crista galli
1021;Lame perpendiculaire de l'os ethmoide
1022;Labyrinthe ethmoïdal
1023;Volute ethmoïdale
1024;Volute ethmoïdale ectoturbinale
1024;Première volute ethmoïdale ectoturbinale
1024;Deuxième volute ethmoïdale ectoturbinale
1024;Troisième volute ethmoïdale ectoturbinale
1024;Quatrième volute ethmoïdale ectoturbinale
1024;Cinquième volute ethmoïdale ectoturbinale
1024;Sixième volute ethmoïdale ectoturbinale
1025;Volute ethmoïdale endoturbinale
1025;Première volute ethmoïdale endoturbinale
1025;Deuxième volute ethmoïdale endoturbinale
1025;Troisième volute ethmoïdale endoturbinale
1025;Quatrième volute ethmoïdale endoturbinale
1026;Cellules ethmoïdales
1027;Méat ethmoïdal
1028;Lame orbitaire
1029;Foramen ethmoïdal de l'os ethmoïdal
1030;Lame tectale
1031;Lame basale de l'os ethmoïdal
1032;Cornet nasal dorsal (Os ethmoïde)
1033;Processus unciné
1034;Cornet nasal moyen
1035;Vomer
1036;Sillon du vomer
1037;Crête du vomer
1038;Aile du vomer
1039;Os de la face
1040;Os nasal
1041;Face externe de l'os nasal
1042;Sillon supra-orbitaire (Os nasal)
1043;Surface interne de l'os nasal
1044;Processus septal de l'os nasal
1045;Crête ethmoïdale (Os nasal)
1046;(Sinus frontal)
1047;Os lacrymal
1048;Face orbitaire de l'os lacrymal
1049;Surace faciale de l'os lacrymal
1050;Face nasale de l'os lacrymal
1051;Incisure infratrochléaire
1052;Processus frontal
1053;Processus lacrymal caudal
1054;Processus lacrymal rostral
1055;Fosse lacrymale externe
1056;Fosse du sac lacrymal (Os lacrymal)
1057;Foramen lacrymal
1058;Foramens lacrymaux (su)
1059;Canal lacrymal de l'os lacrymal
1060;Fosse pour le muscle oblique ventral
1061;Bulle lacrymale
1062;Sinus maxillaire (Ru)
1063;Sinus lacrymal (bo)
1064;(Sinus lacrymal) (su, ov, cap)
1065;Ouverture du sinus lacrymal
1066;(Sinus frontal rostral latéral) (su)
1067;(Sinus frontal latéral) (ov, cap)
1068;Sinus maxillaire caudal (eq)
1069;Os maxillaire
1070;Corps du maxillaire
1071;Face orbitaire maxillaire
1072;Surface faciale du maxillaire
1073;Crête faciale
1074;Tubérosité faciale (Os maxillaire)
1075;Foramen infra-orbitaire
1076;Canal infra-orbitaire
1077;Canal alvéolaire
1078;Fosse canine
1079;Juga alvéolaires du maxillaire
1080;Face ptérygopalatine
1081;Foramens alvéolaires
1082;Canaux alvéolaires
1083;Tubérosité maxillaire
1084;Foramen maxillaire
1085;Face nasale de l'os maxillaire
1086;Sillon lacrymal du maxillaire
1087;Canal lacrymal
1088;Crête conchale du maxillaire
1089;Hiatus maxillaire
1090;Sillon palatin majeur (Os Maxillaire)
1091;Sinus maxillaire
1092;Sinus maxillaire rostral
1093;Sinus maxillaire caudal
1094;Septum des sinus maxillaires
1095;Processus frontal (Car)
1096;Crête ethmoïdale (Os maxillaire)
1097;Processus zygomatique du maxillaire
1098;Processus palatin du maxillaire
1099;Crête nasale (Os maxillaire)
1100;Sillon palatin
1101;Foramen palatin majeur (Os maxillaire)
1102;Sinus palatin (Os maxillaire)
1103;Septum du sinus palatin (Os maxillaire)
1104;Processus alvéolaire
1105;Bord alvéolaire
1106;Bord interalvéolaire
1107;Alvéoles dentaires (Os maxillaire)
1108;Septa interalvéolaires (Os maxillaire)
1109;Septa interradiculaires (Os maxillaire)
1110;Cornet nasal ventral
1111;Os incisif
1112;Corps de l'os incisif
1113;Face labiale
1114;Face palatine de l'os incisif
1115;Processus alvéolaire de l'os incisif
1116;Arc alvéolaire
1117;Alvéoles dentaires (Os incisif)
1118;Septa interalvéolaires (Os incisif)
1119;Bord interalvéolaire (Os incisif)
1120;Juga alvéolaires (Os incisif)
1121;Processus palatin de l'os incisif
1122;Processus nasal
1123;Os rostral
1124;Os palatin
1125;Lame perpendiculaire du palatin
1126;Face nasale de la lame perpendiculaire
1127;Face maxillaire de l'os palatin
1128;Incisure sphénopalatine
1129;Foramen sphénopalatin
1130;Sillon palatin majeur (Os palatin)
1131;Canal palatin majeur
1132;Processus pyramidal
1133;Crête ethmoïdale (Os palatin)
1134;Lame sphéno-ethmoïdale
1135;Processus orbitaire
1136;Processus sphénoïdal
1137;(Sinus sphénoïdal)
1138;Lame horizontale de l'os palatin
1139;Face nasale
1140;Face palatine
1141;Bord libre de l'os palatin
1142;Épine nasale caudale
1143;Canaux petits palatins
1143;Foramen palatin majeur (Os palatin)
1144;Foramens petits palatins
1145;Crête nasale (Os palatin)
1146;(Crête palatine)
1146;Sinus palatin (Os palatin)
1146;Septum du sinus palatin (Os palatin)
1147;Os zygomatique
1148;Face latérale de l'os zygomatique
1149;Face orbitaire de l'os zygomatique
1150;Processus temporal
1151;Processus frontal de l'os zygomatique
1152;Bord infra-orbitaire (Os zygomatique)
1153;Crête faciale (Os zygomatique)
1154;Sinus maxillaire (Os zygomatique)
1155;Sinus maxillaire caudal (Os zygomatique)
1156;Os accessoires du crâne
1156;Os extracrâniens de la tête
1156;Mandibule
1157;Corps de la mandibule
1158;Partie incisive
1159;Arc alvéolaire de la mandibule
1160;Canaux alvéolaires mandibulaires
1161;Partie molaire de la mandibule
1162;Bord alvéolaire de la mandibule
1163;Bord ventral de la mandibule
1164;Incisure des vaisseaux faciaux
1165;Foramen mentonnier
1166;Foramens mentonniers
1167;Foramens mentonniers latéraux
1168;Foramen mentonnier médial
1169;Face labiale de la mandibule
1170;Face buccale de la mandibule
1171;Face linguale de la mandibule
1172;Ligne mylohyoïdienne
1173;Alvéoles dentaires de la mandibule
1174;Septa interalvéolaires de la mandibule
1175;Septa interradiculaires de la mandibule
1176;Juga alvéolaires de la mandibule
1177;Bord interalvéolaire de la mandibule
1178;Branche de la mandibule
1179;Angle de la mandibule
1180;Processus angulaire
1181;Tubérosité du muscle sternomandibulaire
1182;Fosse massétérique
1183;Fosse ptérygoïde
1184;Foramen mandibulaire
1185;Canal mandibulaire
1186;Sillon mylohyoïdien
1187;Processus coronoïde de la mandibule
1188;Incisure mandibulaire
1189;Processus condylaire
1190;Tête de la mandibule
1191;Col de la mandibule
1192;Fossette ptérygoïdienne
1193;Appareil hyoïdien
1194;Os basihyoïdien
1195;Processus lingual
1196;Os cératohyoïdien [Petite corne]
1197;Os thyrohyoïdien [Grande corne]
1198;Os épihyoïdien
1199;Os stylohyoïdien
1200;Angle stylohyoïdien
1201;Os tympanohyoïdien
1201;Vertèbre
1202;Corps vertébral
1203;Extrémité crâniale [Tête de la vertèbre]
1204;Extrémité caudale [Fosse de la vertèbre]
1205;Crête ventrale
1206;Arc vertébral
1207;Pédicule de l'arc vertébral
1208;Lame de l'arc vertébral
1209;Foramen vertébral
1210;Canal vertébral
1211;Espace inter-arcal
1212;Foramen intervertébral
1213;Incisure vertébrale crâniale
1214;Incisure vertébrale caudale
1215;Foramen vertébral latéral
1216;Sillon du nerf spinal
1217;Processus épineux
1218;Processus transverse
1219;Processus costal
1220;Processus articulaire crânial de la vertèbre
1221;Processus articulaire caudal de la vertèbre
1222;Processus accessoire
1223;Processus mamillaire
1224;Vertèbres cervicales
1225;Vertèbre C1 (Atlas)
1225;Masse latérale
1225;Processus transverse de l'atlas
1225;Foramen alaire
1225;Incisure alaire (Car)
1225;Fosse atloïdienne
1225;Fossette articulaire crâniale
1225;Fossette articulaire caudale
1225;Arc ventral
1225;Fossette de la dent
1225;Tubercule ventral de l'atlas
1225;Arc dorsal
1225;Tubercule dorsal de l'atlas
1226;Vertèbre C2 (Axis)
1226;Dent de l'axis
1226;Apex de la dent
1226;Surface articulaire ventrale
1226;Surface articulaire dorsale
1227;Vertèbre C3
1228;Vertèbre C4
1229;Vertèbre C5
1230;Vertèbre C6
1231;Vertèbre C7
1232;Vertèbres thoraciques
1233;Vertèbre T1
1234;Vertèbre T2
1235;Vertèbre T3
1236;Vertèbre T4
1237;Vertèbre T5
1238;Vertèbre T6
1239;Vertèbre T7
1240;Vertèbre T8
1241;Vertèbre T9
1242;Vertèbre T10
1243;Vertèbre T11
1244;Vertèbre T12
1245;Vertèbre T13
1246;Vertèbre T14
1247;Vertèbre T15
1248;Vertèbre T16
1249;Vertèbre T17
1249;Vertèbre T18
1249;Vertèbre anticlinale
1250;Vertèbres lombaires
1251;Vertèbre L1
1252;Vertèbre L2
1253;Vertèbre L3
1254;Vertèbre L4
1255;Vertèbre L5
1256;Vertèbre L6
1257;Vertèbre L7
1259;Processus transverse de la vertèbre cervicale
1260;Tubercule ventral
1261;Lame ventrale [vertèbre cervicale VI]
1262;Foramen transversaire
1263;Tubercule dorsal
1264;Fossette costale caudale [Vertèbre cervicale VII]
306;Sacrum
S1;Vertèbre S1
S2;Vertèbre S2
S3;Vertèbre S3
S4;Vertèbre S4
S5;Vertèbre S5
306;Base du sacrum
306;Processus articulaire crânial
306;Promontoire du sacrum
306;Partie latérale du sacrum
306;Aile du sacrum
306;Surface auriculaire du sacrum
306;Tubérosité sacrale
306;Face dorsale du sacrum
306;Crête sacrale médiane
306;Crête sacrale intermédiaire
306;Foramens sacraux dorsaux
1265;Crête sacrale latérale
1266;Face pelvienne
1267;Foramens sacraux ventraux
1268;Sillons transverses
1269;Apex du sacrum
1270;Processus articulaire caudal
1271;Canal sacral
1272;Foramens intervertébraux
1273;Vertèbres caudales [coccygiennes]
1274;Processus hémal
1275;Arc hémal
1276;Os de l'arc hémal
1277;Squelette thoracique
1277;Os du thorax
1278;Côtes
1279;Côtes sternales
1280;Côtes asternales
1281;Côtes flottantes
1282;Première côte
1283;Deuxième côte
1284;Troisième côte
1285;Quatrième côte
1286;Cinquième côte
1287;Sixième côte
1288;Septième côte
1289;Huitième côte
1290;Neuvième côte
1291;Dixième côte
1292;Onzième côte
1293;Douzième côte
1294;Treizième côte
1295;Quatorzième côte
1296;Quinzième côte
1297;Seizième côte
1298;Dix-septième côte
1298;Dix-huitième côte
1299;Cartilage costal
1299;Cartilages costaux
1299;Cartilage costal de la première côte
1299;Cartilage costal de la deuxième côte
1299;Cartilage costal de la troisième côte
1299;Cartilage costal de la quatrième côte
1299;Cartilage costal de la cinquième côte
1299;Cartilage costal de la sixième côte
1299;Cartilage costal de la septième côte
1299;Cartilage costal de la huitième côte
1299;Cartilage costal de la neuvième côte
1299;Cartilage costal de la dixième côte
1299;Cartilage costal de la onzième côte
1299;Cartilage costal de la douzième côte
1299;Cartilage costal de la treizième côte
1299;Cartilage costal de la quatorzième côte
1299;Cartilage costal de la quinzème côte
1299;Cartilage costal de la seizième côte
1299;Cartilage costal de la dix-septième côte
1299;Cartilage costal de la dix-huitième côte
1300;Côte
1301;Tête de la côte
1302;Surface articulaire de la tête de la côte
1303;Crête de la tête de la côte
1304;Col de la côte
1305;Crête du col de la côte
1306;Corps de la côte
1307;Tubercule costal
1308;Surface articulaire du tubercule de la côte
1309;Angle de la côte
1310;Tubercule du muscle scalène ventral
1311;Tubérosité du muscle longissimus
1312;Tubérosité du muscle iliocostal
1313;Sillon de la côte
1314;Genou de la côte
1315;Sternum
1316;Manubrium sternal
1317;Cartilage du manubrium
1318;Corps du sternum
1319;Crête sternale
1320;Sternèbres
1320;Première sternèbre
1320;Deuxième sternèbre
1320;Troisième sternèbre
1320;Quatrième sternèbre
1320;Cinquième sternèbre
1320;Sixième sternèbre
1320;Septième sternèbre
1320;Huitième sternèbre
1321;Processus xiphoïde
1322;Cartilage xiphoïdien
1323;Incisures costales
1323;Cavité thoracique (Ostéologie)
1324;Ouverture thoracique crâniale
1325;Ouverture thoracique caudale
1326;Sillon pulmonaire
1327;Arc costal
1328;Espace intercostal
1329;Angle de l'arc costal
1330;Os du membre thoracique
1331;Ceinture thoracique
1331;Os de la ceinture scapulaire
1332;Scapula
1333;Face costale [médiale]
1334;Face dentelée
1335;Fosse subscapulaire
1336;Face latérale de la scapula
1337;Épine de la scapula
1338;Tubérosité de l'épine de la scapula (su, eq)
1339;Fosse supra-épineuse
1340;Fosse infra-épineuse
1341;Acromion
1342;Processus hamatus (or, Car)
1343;Processus suprahamatus (or, fe)
1344;Bord dorsal de la scapula
1345;Bord caudal de la scapula
1346;Bord crânial de la scapula
1347;Incisure scapulaire
1348;Angle caudal
1349;Angle ventral
1350;Angle crânial
1351;Cavité glénoïdale
1352;Incisure glénoïdale
1353;Col de la scapula
1354;Tubercule infraglénoïdal
1355;Tubercule supraglénoïdal
1356;Processus coracoïde de la scapula
1357;Cartilage scapulaire
1358;Clavicule (or, fe)
1359;Os de la partie libre du membre thoracique
1359;Squelette du bras
1360;Humérus
1361;Tête de l'humérus
1362;Col de l'humérus
1363;Tubercule majeur
1364;Partie crâniale du tubercule majeur
1365;Partie caudale du tubercule majeur
1366;Crête du tubercule majeur
1367;Tubercule mineur
1368;Partie crâniale du tubercule mineur
1369;Partie caudale du tubercule mineur
1370;Crête du tubercule mineur
1371;Sillon intertuberculaire
1372;Tubercule intermédiaire
1373;Surface du muscle infra-épineux
1374;Tubérosité du muscle petit rond
1375;Ligne tricipitale
1376;Corps de l'humérus
1377;Face crâniale de l'humérus
1378;Face latérale de l'humérus
1379;Face caudale de l'humérus
1380;Face médiale de l'humérus
1381;Crête de l'humérus
1382;Tubérosité deltoïdienne
1383;Sillon du muscle brachial
1384;Tubérosité du muscle grand rond
1385;Crête supracondylaire latérale
1386;Condyle de l'humérus
1387;Capitulum de l'humérus
1388;Trochlée de l'humérus
1389;Fosse olécranienne
1390;Fosse coronoïdienne
1391;Fosse radiale
1392;Foramen supratrochléaire (ca)
1393;Épicondyle médial
1394;Foramen supracondylaire (fe)
1395;Épicondyle latéral
1396;Squelette de l'avant-bras
1397;Radius
1398;Tête du radius
1399;Fossette de la tête radiale
1400;Circonférence articulaire
1401;Col du radius
1402;Tubérosité radiale
1403;Corps du radius
1404;Face crâniale du radius
1405;Face caudale du radius
1406;Crête transverse du radius
1407;Bord médial du radius
1408;Bord latéral du radius
1409;Trochlée du radius
1410;Surface articulaire carpienne
1411;Processus styloïde
1412;Processus styloïde médial
1413;Processus styloïde latéral
1414;Incisure ulnaire
1415;Ulna
1416;Olécrane
1417;Tubérosité de l'olécrane
1418;Processus anconé
1419;Processus coronoïde médial
1420;Processus coronoïde latéral
1421;Incisure trochléaire
1422;Incisure radiale
1423;Corps de l'ulna
1424;Face latérale de l'ulna
1425;Face crâniale de l'ulna
1426;Face médiale de l'ulna
1427;Bord interosseux de l'ulna
1428;Bord latéral de l'ulna
1429;Bord caudal de l'ulna
1430;Bord médial de l'ulna
1431;Tête de l'ulna
1432;Circonférence articulaire de la tête de l'ulna
1433;Processus styloïde de l'ulna
1434;Surface articulaire pour le carpe
1435;Espace interosseux de l'avant-bras
1436;Espace interosseux proximal de l'avant-bras
1437;Espace interosseux distal de l'avant-bras
1438;Squelette de la main
1439;Os du carpe
1440;(Os central du carpe)
1441;Os radial du carpe [Os scaphoïde]
1442;Os intermédiaire du carpe [Os lunatum]
1443;Os ulnaire du carpe [Os triquetrum]
1444;Os accessoire du carpe [Os pisiforme]
1445;Os carpien I [Os trapèze]
1445;Os phacoïde
1446;Os carpien II [Os trapézoïde]
1447;Os carpien III [Os capitatum]
1448;Os carpien IV [Os hamatum]
1449;Os intermédioradial [Os scapholunatum]
1450;Os carpien II et III [Os trapezoidocapitatum]
1451;Sillon carpien
1452;Os sésamoïde du muscle long abducteur du doigt I
1453;(Os sésamoïdes palmaires)
1454;Os métacarpiens I-V
1454;Premier métacarpien
1454;Deuxième métacarpien
1454;Troisième métacarpien
1454;Quatrième métacarpien
1454;Cinquième métacarpien
1455;Base de l'os métacarpien
1456;Surface articulaire de l'os métacarpien
1457;Corps de l'os métacarpien
1458;Face dorsale de l'os métacarpien
1459;Tubérosité de l'os métacarpien III
1460;Face palmaire de l'os métacarpien
1461;Bord médial du métacarpien
1462;Bord latéral du métacarpien
1463;Tête métacarpienne
1464;Os métacarpien III et IV (Ru)
1465;Sillon longitudinal dorsal de l'os métacarpien
1466;Sillon longitudinal palmaire
1467;Canal métacarpien proximal
1468;Canal métacarpien distal
1469;Incisure intercapitale de l'os métacarpien
1470;Os des doigts
1470;Os des doigts de la main
1470;Phalanges de la main
1470;Phalanges du pied
1471;Phalange proximale [Os compedale]
1471;Phalanges proximales de la main
1471;Phalanges proximales du pied
1471;Phalange proximale du premier doigt de la main
1471;Phalange proximale du deuxième doigt de la main
1471;Phalange proximale du troisième doigt de la main
1471;Phalange proximale du quatrième doigt de la main
1471;Phalange proximale du cinquième doigt de la main
1471;Phalange proximale du premier orteil
1471;Phalange proximale du deuxième orteil
1471;Phalange proximale du troisième orteil
1471;Phalange proximale du quatrième orteil
1471;Phalange proximale du cinquième orteil
1472;Base de la phalange proximale
1473;Fossette articulaire de la phalange proximale
1474;Éminence palmaire médiale
1475;Éminence palmaire latérale
1476;Corps de la phalange proximale
1477;Trigone de la phalange proximale
1478;Tête de la phalange proximale
1479;Phalange moyenne [Os coronal]
1479;Phalanges moyennes de la main
1479;Phalanges moyennes du pied
1479;Phalange moyenne du premier doigt de la main
1479;Phalange moyenne du deuxième doigt de la main
1479;Phalange moyenne du troisième doigt de la main
1479;Phalange moyenne du quatrième doigt de la main
1479;Phalange moyenne du cinquième doigt de la main
1479;Phalange moyenne du premier orteil
1479;Phalange moyenne du deuxième orteil
1479;Phalange moyenne du troisième orteil
1479;Phalange moyenne du quatrième orteil
1479;Phalange moyenne du cinquième orteil
1480;Base de la phalange moyenne
1481;Fossette articulaire de la phalange moyenne
1482;Processus extenseur de la main
1483;Tubérosité du fléchisseur
1484;Corps de la phalange moyenne
1485;Tête de la phalange moyenne
1486;Phalange distale [Os ongulaire]
1486;Phalanges distales de la main
1486;Phalanges distales du pied
1486;Phalange distale du premier doigt de la main
1486;Phalange distale du deuxième doigt de la main
1486;Phalange distale du troisième doigt de la main
1486;Phalange distale du quatrième doigt de la main
1486;Phalange distale du cinquième doigt de la main
1486;Phalange distale du premier orteil
1486;Phalange distale du deuxième orteil
1486;Phalange distale du troisième orteil
1486;Phalange distale du quatrième orteil
1486;Phalange distale du cinquième orteil
7743;Griffe du premier doigt de la main
7743;Griffe du deuxième doigt de la main
7743;Griffe du troisième doigt de la main
7743;Griffe du quatrième doigt de la main
7743;Griffe du cinquième doigt de la main
7743;Griffe du premier orteil
7743;Griffe du deuxième orteil
7743;Griffe du troisième orteil
7743;Griffe du quatrième orteil
7743;Griffe du cinquième orteil
1487;Surface articulaire de la phalange distale
1488;Surface articulaire sésamoïdienne
1489;Face pariétale de la phalange distale
1490;Face axiale de la phalange distale
1491;Sillon axial pariétal
1492;Foramen axial
1493;Bord dorsal
1494;Face abaxiale
1495;Sillon pariétal abaxial
1496;Foramen abaxial
1497;Partie médiale de la phalange distale
1498;Sillon pariétal médial
1499;Processus palmaire médial
1500;Foramen du processus palmaire médial
1501;Incisure du processus palmaire médial
1502;Partie dorsale de la phalange distale
1503;Partie latérale de la phalange distale
1504;Sillon pariétal latéral de la phalange distale
1505;Processus palmaire latéral
1506;Foramen du processus palmaire latéral
1507;Incisure du processus palmaire latéral
1508;Processus ongulaire
1509;Surface solaire de la phalange distale
1510;Tubercule du fléchisseur
1511;Surface des fléchisseurs de la phalange distale
1512;Ligne semilunaire
1513;Plan cutané
1514;Sillon solaire médial
1515;Sillon solaire latéral
1516;Foramen solaire axial
1517;Foramen solaire abaxial
1518;Foramen solaire médial
1519;Foramen solaire latéral
1520;Canal solaire
1521;Bord coronaire de la phalange distale
1522;Crête ungulaire
1523;Sillon ungulaire
1524;Processus extenseur du pied
1525;Bord solaire de la phalange distale
1526;(Encoche du bord solaire)
1527;Apex de la phalange distale
1528;Cartilage ungulaire médial
1529;Cartilage ungulaire latéral
1530;Os sésamoïdes de la main
1530;Os sésamoïdes du pied
1530;Os sésamoïdes proximaux
1530;Os sésamoïdes proximaux du premier doigt de la main
1530;Os sésamoïdes proximaux du deuxième doigt de la main
1530;Os sésamoïdes proximaux du troisième doigt de la main
1530;Os sésamoïdes proximaux du quatrième doigt de la main
1530;Os sésamoïdes proximaux du cinquième doigt de la main
1530;Os sésamoïdes proximaux du deuxième orteil
1530;Os sésamoïdes proximaux du troisième orteil
1530;Os sésamoïdes proximaux du quatrième orteil
1530;Os sésamoïdes proximaux du cinquième orteil
1531;Surface articulaire de l'os sésamoïde proximal
1532;Surface du fléchisseur
1533;Surface pour le muscle interosseux
1534;Os sésamoïde distal
1534;Os sésamoïde distal du deuxième doigt de la main
1534;Os sésamoïde distal du troisième doigt de la main
1534;Os sésamoïde distal du quatrième doigt de la main
1534;Os sésamoïde distal du cinquième doigt de la main
1534;Os sésamoïde distal du deuxième doigt du pied
1534;Os sésamoïde distal du troisième doigt du pied
1534;Os sésamoïde distal du quatrième doigt du pied
1534;Os sésamoïde distal du cinquième doigt du pied
1535;Surface des fléchisseurs de l'os sésamoïde distal
1536;Surface articulaire de l'os sésamoïde distal
1537;Bord proximal
1538;Bord distal
1539;Os sésamoïdes dorsaux
1540;Os du membre pelvien
1541;Ceinture pelvienne
1541;Os de la ceinture pelvienne
1542;Os coxal
1543;Acetabulum
1544;Bord acétabulaire
1545;Fosse acétabulaire
1546;Incisure acétabulaire
1547;Surface semilunaire
1548;Partie majeure
1549;Partie mineure
1550;Epine ischiatique
1551;Foramen obturé
1552;Ilium
1553;Corps de l'ilium
1554;Aire latérale du muscle droit fémoral
1555;Aire médiale du muscle droit fémoral
1556;[Épine iliaque ventrale caudale]
1557;Aile de l'ilium
1558;Épine alaire
1559;Crête iliaque
1560;Tubérosité coxale
1561;Épine iliaque ventrale crâniale
1562;Lèvre interne
1563;Lèvre externe
1564;Tubérosité sacrale de l'ilium
1565;Épine iliaque dorsale crâniale
1566;Épine iliaque dorsale caudale
1567;Surface glutéale
1568;Lignes glutéales
1569;Ligne glutéale ventrale
1570;Ligne glutéale caudale
1571;Ligne glutéale dorsale (or)
1572;Ligne glutéale accessoire (eq, bo)
1573;Face sacropelvienne
1574;Surface iliaque
1575;Surface auriculaire de l'ilium
1576;Tubérosité iliaque
1577;Ligne arquée de l'ilium
1578;Tubercule du muscle petit psoas
1579;Grande échancrure sciatique
1580;Ischium
1581;Corps de l’ischium
1582;Table de l'ischium
1583;Branche de l'ischium
1583;Surface symphysaire de l'ischium
1584;Tubérosité ischiatique
1585;Petite échancrure sciatique
1586;Pubis
1587;Corps du pubis
1588;Branche crâniale du pubis
1589;Branche caudale du pubis
1590;Surface symphysaire du pubis
1591;Pecten du pubis
1592;Éminence iliopubienne
1593;Tubercule pubien dorsal
1594;Tubercule pubien ventral
1595;Sillon obturateur
1596;Sillon du ligament accessoire du fémur (eq)
1597;Pelvis
1598;Arc ischiatique
1599;Crête symphysaire
1600;Cavité pelvienne
1601;Ligne terminale
1602;Ouverture crâniale du bassin
1603;Ouverture caudale du bassin
1604;Axe du pelvis
1605;Pelvis osseux
1606;Diamètre conjugué
1607;Diamètre transverse
1608;Diamètre vertical
1609;Inclinaison pelvienne
1610;Os de la partie libre du membre pelvien
1610;Squelette de la cuisse
1611;Fémur
1612;Tête du fémur
1613;Fossette de la tête fémorale
1614;Col du fémur
1615;Grand trochanter
1616;Partie crâniale du grand trochanter
1617;Partie caudale du grand trochanter
1618;Incisure trochantérique
1619;Fosse trochantérique
1620;Petit trochanter
1621;Ligne intertrochantérique
1622;Crête intertrochantérique
1623;Corps du fémur
1624;Troisième trochanter
1625;Surface âpre
1626;Lèvre latérale
1627;Lèvre médiale
1628;Tubérosité glutéale
1629;Tubérosité du muscle biceps fémoral
1630;Fosse supracondylaire
1631;Tubérosité supracondylaire latérale
1632;Tubérosité supracondylaire médiale
1633;Surface poplitée
1634;Condyle fémoral médial
1635;Surface articulaire pour le sésamoïde médial
1636;Epicondyle médial du fémur
1637;Condyle fémoral latéral
1638;Surface articulaire pour le sésamoïde latéral
1639;Epicondyle latéral du fémur
1640;Fosse des extenseurs
1641;Fosse du muscle poplité
1642;Fosse intercondylaire
1643;Ligne intercondylaire
1644;Trochlée du fémur
1645;Tubercule de la trochlée du fémur
1646;Os sésamoïdes des muscles gastrocnémiens
1647;Os sésamoïde du muscle poplité
1648;Patella
1649;Base de la patella
1650;Apex de la patella
1651;Surface articulaire de la patella
1652;Face crâniale de la patella
1653;Processus cartilagineux
1654;Squelette de la jambe
1655;Tibia
1656;Plateau tibial
1656;Surface articulaire proximale du tibia
1657;Condyle médial du tibia
1658;Condyle latéral du tibia
1659;Surface articulaire fibulaire
1660;Incisure poplitée
1661;Aire intercondylienne crâniale
1662;Aire intercondylienne centrale
1663;Aire intercondylienne caudale
1664;Eminence intercondylaire
1665;Tubercule intercondylaire médial
1666;Tubercule intercondylaire latéral
1667;Sillon extenseur
1668;Corps du tibia
1669;Tubérosité tibiale
1670;Sillon de la tubérosité tibiale
1671;Face médiale du tibia
1672;Face caudale du tibia
1673;Ligne du muscle poplité
1674;Face latérale du tibia
1675;Bord crânial du tibia
1676;Bord médial du tibia
1677;Bord latéral [Bord interosseux] du tibia
1678;Cochlée tibiale
1679;Malléole médiale
1680;Sillon malléolaire de la malléole médiale
1681;Incisure fibulaire
1682;Malléole latérale (ov, eq)
1683;Sillon malléolaire de la malléole latérale
1684;Fibula
1685;Tête de la fibula
1686;Surface articulaire de la tête fibulaire
1687;Col de la fibula
1688;Corps de la fibula
1689;Bord interosseux de la fibula
1690;Bord médial de la fibula
1691;Bord latéral de la fibula
1692;Bord crânial de la fibula
1693;Bord caudal de la fibula
1694;Face médiale de la fibula
1695;Face latérale de la fibula
1696;Face caudale de la fibula
1697;Malléole latérale (Car, su)
1698;Surfaces articulaires des malléoles
1699;Sillon malléolaire de la fibula
1700;Sillon du tendon du muscle long fibulaire
1701;Sillon de l'extenseur lat. des doigts et du court fibulaire
1702;Os malléolaire (Ru)
1703;Squelette du pied
1704;Os du tarse
1705;Talus
1706;Tête du talus
1707;Col du talus
1708;Corps du talus
1709;Trochlée du talus
1710;Trochlée proximale du talus
1711;Surfaces articulaires calcanéennes
1712;Sillon du talus
1713;Tubercule du talus
1714;Surface articulaire naviculaire
1715;Trochlée distale du talus
1716;Calcanéus
1717;Tubérosité calcanéenne
1718;Processus coracoïde
1719;Sustentaculum tali
1720;Sillon du muscle fléchisseur latéral des doigts
1721;Sillon calcanéen
1722;Sinus du tarse
1723;Surfaces articulaires talaires
1724;Surface articulaire pour le cuboïde
1725;Surface articulaire malléolaire
1726;Os central du tarse [Os naviculaire]
1727;Os tarsien I [Os cunéiforme médial]
1728;Os tarsien II [Os cunéiforme intermédiaire]
1729;Os tarsien III [Os cunéiforme latéral]
1730;Os tarsien IV [Os cuboïde]
1731;Os tarsien I et II [Os cunéiforme médio-intermédiaire]
1732;Os tarsien II et III [Os cunéiforme intermédiolatéral]
1733;Os centroquartal [Os naviculocuboïde]
1734;Canal tarsien
1735;Os métatarsiens I-V
1735;Premier métatarsien
1735;Deuxième métatarsien
1735;Troisième métatarsien
1735;Quatrième métatarsien
1735;Cinquième métatarsien
1736;Base du métatarsien
1737;Surface articulaire tarsienne
1738;Corps du métatarsien
1739;Face dorsale du métatarsien
1740;Tubérosité du métatarsien III
1741;Face plantaire du métatarsien
1742;Face médiale du métatarsien
1743;Face latérale du métatarsien
1744;Tête du métatarsien
1745;Métatarsiens III et IV (Ru)
1746;Sillon longitudinal dorsal
1747;Sillon longitudinal plantaire
1748;Canal métatarsien proximal
1749;Canal métatarsien distal
1750;Incisure intercapitale
1751;Os sésamoïde métatarsien
1752;Os des doigts du pied
1755;Processus plantaire médial
1756;Processus plantaire latéral
1757;Foramen du processus plantaire
1758;Incisure du processus plantaire
1758;Cartilages
1758;Insertions musculaires
1759;Arthrologie
1760;Articulations
1760;Types d'articulations
1761;Articulations fibreuses
1762;Syndesmose
1763;Suture
1764;Suture dentelée
1765;Suture foliée
1766;Suture plane
1767;Schindylèse
1768;Gomphose
1769;Parodonte
1770;Articulations cartilagineuses
1771;Synchondrose
1772;Symphyse
1773;Articulations synoviales
1774;Articulation simple
1775;Articulation complexe
1775;Types d'articulations synoviales
1776;Articulation plane
1777;Articulation sphéroïde
1778;Articulation ellipsoïde
1779;Ginglyme
1780;Articulation condylaire
1781;Articulation trochoïde
1782;Articulation en selle
1782;Éléments des articulations synoviales
1783;Fosse synoviale (Un)
1784;Cavité articulaire
1785;Disque articulaire
1786;Ménisque articulaire
1787;Bourrelet articulaire
1788;Capsule articulaire
1789;Membrane fibreuse
1790;Membrane synoviale
1791;Pli synovial
1792;Villosités synoviales
1793;Synovie
1794;Ligaments
1795;Ligaments extracapsulaires
1796;Ligaments capsulaires
1797;Ligament intracapsulaire
1798;Sutures de la tête
1799;Suture coronale
1800;Suture sagittale
1801;Suture lambdoïde
1802;Suture interpariétale
1803;Suture occipitosquameuse
1804;Suture occipitomastoïdienne
1805;Suture occipitotympanique
1806;Suture sphénofrontale
1807;Suture sphéno-ethmoïdale
1808;Suture sphénosquameuse
1809;Suture sphénopariétale
1810;Suture sphénopalatine
1811;Suture ptérygopalatine
1812;Suture ptérygosphénoïdale
1813;Suture squameuse
1814;Suture interfrontale
1815;Suture squamomastoïdienne
1816;Suture squamofrontale
1817;Suture frontonasale
1818;Suture fronto-ethmoïdale
1819;Suture frontomaxillaire
1820;Suture frontolacrymale
1821;Suture frontozygomatique
1822;Suture frontopalatine
1823;Suture zygomaticomaxillaire
1824;Suture voméropalatine
1825;Suture voméromaxillaire
1826;Suture voméro-incisive
1827;Suture vomérosphénoïdale
1828;Suture voméro-ethmoïdienne
1829;Suture ethmoïdomaxillaire
1830;Suture ethmoïdonasale
1831;Suture sphénomaxillaire
1832;Suture temporozygomatique
1833;Suture internasale
1834;Suture nasomaxillaire
1835;Suture naso-incisive
1836;Suture lacrymomaxillaire
1837;Suture lacrymoconchale
1838;Suture lacrymozygomatique
1839;Suture nasolacrymale
1840;Suture interincisive
1841;Suture maxillo-incisive
1842;Suture palatomaxillaire
1843;Suture palatolacrymale
1844;Suture palato-ethmoïdale
1845;Suture palatine médiane
1846;Suture palatine transverse
1847;Synchondroses crâniennes
1848;Synchondrose sphéno-occipitale
1849;Synchondrose sphénopétreuse
1850;Synchondrose pétro-occipitale
1851;Synchondrose intersphénoïdale
1852;(Synchondrose intra-occipitale squamolatérale)
1853;(Synchondrose intra-occipitale basilatérale)
1854;Articulation temporomandibulaire
1855;Capsule articulaire temporomandibulaire
1856;Membrane synoviale dorsale
1857;Membrane synoviale ventrale
1858;Disque articulaire temporomandibulaire
1859;Ligament temporomandibulaire latéral
1860;Ligament caudal temporomandibulaire
1861;Articulation temporohyoïdienne
1862;Articulation intermandibulaire
1863;Synchondrose intermandibulaire
1864;Suture intermandibulaire
1865;Articulations du crâne
1866;Symphyse intervertébrale
1867;Disque intervertébral
1868;Anneau fibreux
1869;Noyau pulpeux
1870;Ligament longitudinal ventral
1871;Ligament longitudinal dorsal
1872;Ligaments jaunes
1873;Articulations des processus articulaires
1874;Capsule articulaire des processus articulaires
1875;Ligaments intertransversaires
1876;Ligaments interépineux
1877;Ligament supra-épineux
1878;Ligament nuchal
1879;Corde nuchale
1880;Lame nuchale
1881;Articulations intertransversaires lombaires
1882;Articulation lombosacrale
1883;Ligament iliolombaire
1884;Articulation intertransversaire lombosacrée
1885;Articulation atlanto-occipitale
1886;Capsule articulaire atlanto-occipitale
1887;Membrane atlanto-occipitale ventrale
1888;Membrane atlanto-occipitale dorsale
1889;Ligament atlanto-occipitale latéral
1890;Articulation atlanto-axoïdienne
1891;Capsule articulaire de l'articulation atlanto-axiale
1892;Membrane atlanto-axiale dorsale
1893;Ligament atlanto-axial dorsal
1894;Membrane tectoriale
1895;Ligament atlas transverse (or, car, su)
1896;Ligament longitudinal de la dent de l'axis
1897;Ligament de l'apex de la dent (or, Car, su, Ru)
1898;Ligaments alaires (or, Car, su)
1899;Ligament atlanto-axial ventral
1900;Articulations costovertébrales
1901;Articulation de la tête de la côte
1902;Capsule articulaire de l'articulation de la tête costale
1903;Ligament radié de la tête de la côte
1904;Ligament intra-articulaire de la tête de la côte
1905;Ligament intercapital
1906;Articulation costotransversaire
1907;Capsule articulaire costotransversaire
1908;Ligament costotransversaire
1909;Ligament lombocostal
1910;Articulations sternocostales
1911;Capsule articulaire sternocostale
1912;Ligaments sternocostaux radiés
1913;Ligament sternal
1914;Membrane sternale
1915;Ligaments costoxiphoïdiens
1916;Membrane intercostale externe
1917;Membrane intercostale interne
1917;Synchondroses et articulations sternales
1918;Synchondroses sternales
1919;Synchondrose manubriosternale
1920;Synchondroses intersternébrales
1921;Articulation xiphosternale
1922;Articulation synoviale manubriosternale
1923;Capsule articulaire manubriosternale
1924;Ligament sternocostal intra-articulaire
1925;Articulations costochondrales
1926;Articulations intrachondrales
1927;Articulations du membre thoracique
1928;Épaule
1929;Capsule articulaire de l'articulation gléno-humérale
1930;Bourrelet glénoïdal
1931;Ligament coracohuméral
1932;Ligaments glénohuméraux
1932;Ligament huméral transverse
1933;Articulation du coude
1934;Articulation huméro-ulnaire
1935;Articulation huméroradiale
1936;Capsule articulaire du coude
1937;Ligament collatéral ulnaire
1938;Ligament collatéral radial
1939;Ligament olécranien
1940;Articulation radio-ulnaire proximale
1941;Ligament annulaire du radius
1942;Membrane interosseuse de l'avant-bras
1943;Ligament interosseux de l'avant-bras
1944;Articulation radio-ulnaire distale
1945;Capsule articulaire radio-ulnaire distale
1946;Ligament radio-ulnaire
1947;Articulations de la main
1948;Articulation carpienne
1949;Ligament collatéral latéral du carpe
1950;Ligament collatéral médial du carpe
1951;Articulation antébrachiocarpienne
1952;Articulation radiocarpienne
1953;Articulation ulnocarpienne
1954;Capsule articulaire antébrachiocarpienne
1955;Ligament radiocarpien dorsal
1956;Ligament radiocarpien palmaire
1957;Ligament ulnocarpien palmaire
1958;Articulations intercarpiennes
1959;Ligaments intercarpiens dorsaux
1960;Ligaments intercarpiens palmaires
1961;Ligaments intercarpiens interosseux
1962;Articulation médiocarpienne
1963;Capsule articulaire médiocarpienne
1964;Ligament radié du carpe
1965;Articulation de l'os accessoire du carpe [Os pisiforme]
1966;Capsule articulaire de l'os accessoire du carpe [pisiforme]
1967;Ligament accessorio-ulnaire [pisi-ulnaire]
1968;Ligament accessoriocarpo-ulnaire [pisitriquetrum]
1969;Ligament accessorioquartal [pisihamatum]
1970;Ligament accessoriométacarpien [pisimétacarpien]
1971;Articulations carpométacarpiennes
1972;Capsules articulaires carpo-métacarpiennes
1973;Ligaments carpométacarpiens dorsaux
1974;Ligaments carpométacarpiens palmaires
1975;Articulations intermétacarpiennes
1976;Capsules articulaires intermétacarpiennes
1977;Ligaments métacarpiens dorsaux
1978;Ligaments métacarpiens palmaires
1979;Ligaments métacarpiens interosseux
1980;Espaces interosseux métacarpiens
1981;Articulations métacarpophalangiennes
1982;Capsules articulaires métacarpophalangiennes
1983;Récessus dorsal métacarpophalangien
1984;Récessus palmaire métacarpophalangien
1985;Ligaments collatéraux métacarpophalangiens
1986;Ligaments palmaires métacarpophalangiens
1987;Ligaments collatéral sésamoïdien
1988;Ligament métacarpo-intersesamoidien
1989;Ligament interdigital intersamoïde
1990;Ligament sésamoïdien droit
1991;Ligaments sésamoïdiens obliques
1992;Ligaments courts sésamoïdiens
1993;Ligaments sésamoïdiens croisés
1994;Ligaments interdigitaux phalangosésamoïdes (bo)
1995;Ligament métacarpien transverse profond
1996;Ligament interdigital proximal
1997;Articulations interphalangiennes proximales de la main
1998;Capsules articulaires interphalangiennes prox. de la main
1999;Récessus dorsaux interphalangiens proximaux de la main
2000;Récessus palmaires interphalangiens proximaux de la main
2001;Ligaments collatéraux
2002;Ligament collatéral axial commun des intephalangiennes prox.
2003;Ligaments palmaires
2004;Articulations interphalangiennes distales de la main
2005;Capsules articulaires interphalangiennes distales de la main
2006;Récessus interphalangiens distaux dorsaux
2007;Récessus interphalangiens distaux palmaires
2008;Ligaments interphalangiens collatéraux de la main
2009;Ligament collatéral axial commun
2010;Ligaments interphalangiens dorsaux
2011;Ligaments interdigitaux distaux
2012;Ligaments sésamoïdiens collatéraux
2013;Ligament sésamoïdien impair distal
2014;Ligament sésamoïdien distal axial
2015;Ligament sésamoïdien distal abaxial
2016;Ligaments chondrocompédaux
2017;Ligaments chondrocoronaux
2018;Ligaments chondrosésamoïdiens
2019;Ligaments collatéraux chondro-ungulaires
2020;Ligaments chondro-ungulaires
2021;Articulations du membre pelvien
2022;Membrane obturatrice
2023;Canal obturateur
2024;Ligament sacrotubéral (ca)
2025;Ligament sacrotubéral large [sacro-ischiatique]
2026;Grand foramen ischiatique
2027;Petit foramen ischiatique
2028;Articulation sacro-iliaque
2029;Ligaments sacro-iliaques ventraux
2030;Ligaments sacro-iliaques interosseux
2031;Ligaments sacro-iliaques dorsaux
2032;Symphyse pelvienne
2033;Symphyse pubienne
2034;Symphyse ischiatique
2035;(Ligament pubien crânial)
2036;Ligament ischiatique arqué
2037;Lame fibrocartilagineuse intercoxale
2038;Articulation coxofémorale
2039;Capsule articulaire de la hanche
2040;Zone orbiculaire
2041;Ligament iliofémoral
2042;Ligament ischiofémoral
2043;Ligament pubofémoral
2044;Bourrelet acétabulaire
2045;Ligament acétabulaire transverse
2046;Ligament de la tête du fémur
2047;Ligament accessoire du fémur (or, eq)
2048;Articulation du genou
2049;Articulation fémorotibiale
2050;Capsule articulaire du genou
2051;Ménisque latéral
2052;Ligament méniscofémoral
2053;Ménisque médial
2054;Ligament transverse du genou
2055;Ligament méniscotibial
2056;Ligaments croisés du genou
2057;Ligament croisé crânial
2058;Ligament croisé caudal
2059;Ligament collatéral latéral
2060;Ligament collatéral médial
2061;Ligament poplité oblique
2062;Articulation fémoropatellaire
2063;Capsule articulaire fémoro-patellaire
2064;Fibrocartilages parapatellaires
2065;Ligament patellaire
2066;Ligament patellaire intermédiaire
2066;Ligament fémoropatellaire médial
2067;Ligament patellaire médial
2068;Rétinaculum patellaire latéral
2069;Ligament fémoropatellaire latéral
2070;Ligament patellaire latéral
2071;Corps adipeux infrapatellaire
2072;Articulation tibiofibulaire proximale
2073;Capsule articulaire tibiofibulaire proximale
2074;Ligament crânial de la tête fibulaire
2075;Ligament caudal de la tête fibulaire
2076;Membrane interosseuse de la jambe
2077;Articulation tibiofibulaire distale
2078;Capsule articulaire tibiofibulaire distale
2079;Ligament tibiofibulaire crânial
2080;Ligament tibiofibulaire caudal
2081;Articulations du pied
2082;Articulation talocrurale
2083;Ligament collatéral médial du tarse
2084;Ligament collatéral médial du tarse partie longue
2085;Ligament collatéral médial court du tarse, partie courte
2086;Partie tibiotalaire du lig. collatéral médial court du tarse
2087;Partie tibiocalcanéenne du lig. collat. médial court du tarse
2088;Partie tibiocentrale [tibionaviculaire]
2089;Ligament collatéral latéral du tarse
2090;Ligament collatéral latéral long du tarse
2091;Ligament collatéral latéral court du tarse
2092;Partie talofibulaire du lig. tarsien collatéral lat. court
2093;Partie tibiotalienne du lig. tarsien collatéral lat. court
2094;Partie calnéofibulaire du lig. tarsien collatéral lat. court
2095;Partie tibiocalcanéaire du lig. tarsien collatéral lat. court
2096;Partie calcanéométat. du lig. tarsien collat. lat. court
2097;Articulation tarsocrurale
2098;Capsule articulaire tarsocrurale
2098;Renforcement de la membrane tarsocrurale dorsale
2099;Ligament talofibulaire plantaire
2100;Ligament tibiotalaire plantaire (or, su)
2101;Articulation talocalcanéocentrale [talocalcaneonaviculaire]
2102;Articulation talocalcanéenne
2103;Capsule articulaire talocalcanéenne
2104;Ligament talocalcanéen latéral
2105;Ligament talocalcanéen plantaire
2106;Articulation calcanéoquartale [calcanéocuboïdienne]
2107;Capsule articulaire calcanéoquartale
2108;Articulation centrodistale [cunéonaviculaire]
2109;Capsule articulaire centrodistale
2110;Ligaments tarsiens interosseux
2111;Ligament talocalcanéen interosseux
2112;Ligament talocentral [talonaviculaire] interosseux (eq)
2113;Ligament centrodistal [cunéonaviculaire] interosseux
2114;Ligament calcanéoquartal [calcanéocuboïde] interosseux
2115;Ligament centroquartal [cuboïdonaviculaire] interosseux
2116;Ligament quartodistal [cunéocuboïdien] interosseux
2117;Ligaments interdistaux [intercunéiformes] interosseux
2118;Ligaments tarsiens dorsaux
2119;Ligament talocentrodistométatarsien
2120;Ligaments interdistaux [intercunéiformes] dorsaux
2121;Ligament quartodistal [cunéocuboïde] dorsal
2122;Ligament centroquartal [cuboïdonaviculaire] dorsal
2123;Ligament calcanéocentral [calcanéonaviculaire] dorsal
2124;Ligament calcanéoquartal [calcanéocuboïde] dorsal
2125;Ligaments centrodistaux [cunéonaviculaires] dorsaux (Car)
2126;Ligaments tarsiens plantaires
2127;Ligament plantaire long
2128;Ligament calcanéoquartal [calcanéocuboidien] plantaire
2129;Ligament calcanéocentral [calcanéonaviculaire] plantaire
2130;Ligaments centrodistaux [cunéonaviculaires] plantaires
2131;Ligament centroquartal [cuboïdonaviculaire] plantaire
2132;Ligaments interdistaux [intercunéiformes] plantaires
2133;Ligament quartodistal [cunéocuboïdien] plantaire
2134;Articulations tarsométatarsiennes
2135;Capsules articulaires tarsométatarsiennes
2136;Ligaments tarsométatarsiens dorsaux
2137;Ligaments tarsométatarsiens plantaires
2138;Ligaments tarsométatarsiens [cunéometatarsiens] interosseux
2139;Articulations intermétatarsiennes
2140;Capsules articulaires intermétatarsiennes
2141;Ligaments métatarsiens interosseux
2142;Ligaments métatarsiens dorsaux
2143;Ligaments métatarsiens plantaires
2144;Espaces interosseux métatarsiens
2145;Articulations métatarsophalangiennes
2145;Capsules articulaires métatarsophalangiennes
2146;Récessus métatarsophalangien plantaire
2147;Ligaments métatarsophalangiens plantaires
2148;Ligament métatarso-intersésamoïdiens
2149;Ligament métatarsien transverse profond
2150;Articulations interphalangiennes du pied
2150;Capsules articulaires interphalangiennes du pied
2150;Ligaments interphalangiens collatéraux du pied
2151;Récessus interphalangien plantaire
2152;Ligaments interphalangiens plantaires
2153;Myologie
2154;Muscle
2154;Structure générale du muscle
2155;Chef
2156;Ventre
2157;Queue
2154;Types de muscles selon leur forme
2158;Muscle fusiforme
2159;Muscle carré
2160;Muscle triangulaire
2161;Muscle plat
2162;Muscle unipenné
2163;Muscle bipenné
2164;Muscle multipenné
2154;Types de muscles selon leur fonction
2165;Muscle fléchisseur
2166;Muscle extenseur
2167;Muscle abducteur
2168;Muscle rotateur
2169;Muscle pronateur
2170;Muscle dilatateur
2171;Muscle tenseur
2172;Muscle dépresseur
2173;Muscle élévateur
2174;Muscle rétracteur
2175;Muscle protracteur
2176;Muscle sphincter
2177;Muscle orbiculaire
2178;Muscle articulaire
2179;Muscle squelettique
2154;Points d'attache
2180;Origine
2181;Terminaison
2182;Muscle cutané
2183;Tendon
2184;Péritendon
2185;Aponévrose
2186;Périmysium
2187;Fascias
2188;Intersection tendineuse
2189;Arcade tendineuse
2190;Gaine fibreuse du tendon
2191;Gaine synoviale du tendon
2192;Mésotendon
2193;Trochlée musculaire
2194;Bourse synoviale
2195;Muscles cutanés
2196;Muscle cutané du tronc
2197;Muscle cutané omobrachial
2198;Muscle préputal crânial
2199;Muscle préputal caudal
2200;Muscle supramammaire crânial (Car)
2201;Muscle supramammaire caudal (Car)
2202;Muscle sphincter superficiel du cou
2203;Platysma
2204;Muscle cutané du cou
2205;Muscle cutané facial
2206;Muscle sphincter profond du cou
2207;Muscles de la tête
2207;Muscles du crâne
2208;Muscle droit ventral de la tête
2209;Muscle grand droit dorsal de la tête
2210;Muscle petit droit dorsal de la tête
2211;Muscle droit latéral de la tête
2212;Muscle oblique crânial de la tête
2213;Muscle oblique caudal de la tête
2214;Muscle long de la tête
2215;Muscle frontal
2216;Muscle occipital
2217;Muscle latéral du nez
2218;Muscle dilatateur apical du nez
2207;Muscles de l'œil et des paupières
2219;Muscle orbiculaire de l'œil
2220;Partie palpébrale
2221;Partie orbitaire
2222;Muscle élévateur de l'angle médial de l'oeil
2223;Muscle rétracteur de l'angle latéral de l'oeil
2224;Muscle malaire
2207;Muscles de l'oreille
2207;Muscles extrinsèques de l'oreille
2225;Muscles auriculaires rostraux
2226;Muscles scutulo-auriculaires superficiels
2227;Muscles scutulo-auriculaires profonds
2228;Muscle frontoscutulaire
2229;Muscle zygomaticoscutulaire
2230;Muscle zygomatico-auriculaire
2231;Muscles auriculaires dorsaux
2232;Muscle interscutulaire
2233;Muscle pariétoscutulaire
2234;Muscle pariéto-auriculaire
2235;Muscles auriculaires caudaux
2236;Muscle cervicoscutulaire
2237;Muscle cervico-auriculaire superficiel
2238;Muscle cervico-auriculaire moyen
2239;Muscle cervico-auriculaire profond
2240;Muscles auriculaires ventraux
2241;Muscle stylo-auriculaire
2242;Muscle parotido-auriculaire
2207;Muscles de la bouche et du nez
2243;Muscle incisif supérieur
2244;Muscle incisif inférieur
2245;Muscle orbiculaire de la bouche
2246;Partie marginale
2247;Partie labiale
2248;Muscle abaisseur de l'angle de la bouche
2249;Muscle zygomatique
2250;Muscle élévateur nasolabial
2251;Muscle releveur de la lèvre supérieure
2252;Muscle canin
2253;Muscle abaisseur de la lèvre supérieure (su, Ru)
2254;Muscle abaisseur de la lèvre inférieure
2255;Muscle buccinateur
2256;Partie buccale
2257;Partie molaire
2258;Muscle mentonnier
2207;Muscles de la mastication
2259;Muscle masséter
2260;Partie superficielle du muscle masséter
2261;Partie profonde du muscle masséter
2262;Muscle temporal
2263;Muscle ptérygoïdien latéral
2264;Muscle ptérygoïdien médial
2265;Muscle digastrique
2266;Ventre rostral
2267;Tendon intermédiaire (Ru, eq)
2268;Ventre caudal
2269;Partie occipitomandibulaire
2270;Fascia buccopharyngien
2271;Fascia massétérique
2272;Fascia parotidien
2273;Fascia temporal
2274;Lame superficielle du fascia temporal
2275;Lame profonde du fascia temporal
2276;Muscles cervicaux
2277;Muscle splénius de la tête
2278;Muscle splénius cervicis
2279;Muscle brachiocéphalique
2280;Muscle cléidobrachial-Partie claviculaire [Muscle deltoïde]
2281;Muscle cléidocéphalique
2282;Partie mastoïdienne
2283;Partie occipitale (su, Ru)
2284;Partie cervicale (Car)
2285;Intersection claviculaire
2286;Muscle omotransversaire
2287;Muscle sternocéphalique
2288;Partie mandibulaire (bo, cap, eq)
2289;Partie mastoïde (Car, bo, cap)
2290;Partie occipitale (Car)
2291;Muscle long du cou
2292;Muscles scalènes
2292;Muscle scalène ventral (Un)
2293;Muscle scalène moyen
2294;Muscle scalène dorsal (Car, su, Ru)
2295;Muscle dentelé cervical ventral
2296;Muscles hyoïdiens
2297;Muscle stylohyoïdien
2298;Muscle mylohyoïdien
2299;Muscle géniohyoïdien
2300;Muscle sternohyoïdien
2301;Muscle omohyoïdien
2302;Muscle sternothyroïdien
2302;Muscles sternohyoidien et sternothyroidien
2303;Muscle thyrohyoïdien
2304;Muscle occipitohyoïdien
2305;Muscle cératohyoïdien
2306;Muscle hyoïdien transverse
2276;Fascias du cou
2307;Fascia cervical
2308;Lame superficielle du fascia cervical
2309;Lame prétrachéale
2310;Gaine carotidienne
2311;Lame prévertébrale
2312;Muscles du dos
2313;Muscles trapèze et detltoïde
2313;Muscle trapèze
2314;Partie cervicale
2315;Partie thoracique
2316;Muscle grand dorsal
2317;Muscle rhomboïde
2317;Muscle rhomboïde thoracique
2318;Muscle rhomboïde cervical
2319;Muscle rhomboïde de la tête (Car, su)
2320;Muscle dentelé dorsal caudal
2321;Muscle dentelé dorsal crânial
2322;Muscles érecteurs du rachis
2323;Muscle iliocostal
2324;Muscle iliocostal des lombes
2325;Muscle iliocostal du thorax
2326;Muscle iliocostal du cou
2326;Muscles intertransversaire et iliocostal du cou
2327;Muscles complexus et longissimus
2327;Muscle longissimus
2328;Muscle longissimus des lombes
2329;Muscle longissimus du thorax
2330;Muscle longissimus du cou
2331;Muscle longissimus de l'atlas
2332;Muscle longissimus de la tête
2333;Muscle épineux
2334;Muscle épineux du thorax
2335;Muscle épineux du cou
2336;Muscle transversaire épineux
2337;Muscle semi-épineux
2338;Muscle semi-épineux du thorax
2339;Muscle semi-épineux du cou
2340;Muscle semi-épineux de la tête
2341;Muscle digastrique du cou
2342;Muscle complexus
2343;Muscles multifides
2344;Muscles multifides latéraux
2345;Muscles multifides médiaux
2346;Muscles multifides profonds
2347;Muscles rotateurs
2348;Muscles interépineux
2349;Muscles intertransversaires
2350;Muscles intertransversaires des lombes
2351;Muscles intertransversaires du thorax
2352;Muscles intertransversaires dorsaux du cou
2353;Muscles intertransversaires moyens du cou
2354;Muscles intertransversaires ventraux du cou
2312;Fascias du dos
2355;Fascia thoracolombaire
2356;Ligament dorsoscapulaire
2357;Fascia nuchal
2358;Muscles du thorax
2358;Muscles pectoraux
2359;Muscles pectoraux superficiels
2360;Muscle pectoral descendant
2361;Muscle pectoral transverse
2361;Muscles pectoraux descendant et transverse
2362;Muscle pectoral profond (ascendant)
2363;Muscle subclavier
2364;Fascia pectoral
2358;Muscles de la paroi thoracique
2365;Muscle dentelé ventral du thorax
2366;Muscles élévateurs des côtes
2367;Muscles intercostaux externes
2368;Muscles intercostaux internes
2369;Muscles subcostaux
2370;Muscle rétracteur des côtes
2371;Muscle transverse du thorax
2372;Muscle droit du thorax
2373;Fascia endothoracique
2374;Diaphragme
2375;Partie lombaire du diaphragme
2376;Branche droite du diaphragme
2377;Branche gauche du diaphragme
2378;Partie costale du diaphragme
2379;Partie sternale du diaphragme
2380;Hiatus aortique
2381;Hiatus œsophagien
2382;Ligament central
2383;Cupule diaphragmatique
2384;Foramen de la veine cave
2385;Arc lombosacré
2386;Muscles de l'abdomen
2387;Muscle droit de l'abdomen
2388;Intersections tendineuses
2389;Anneau des veines mamaires
2390;Gaine musculaire du droit de l'abdomen
2391;Lame externe
2392;Lame interne
2393;Ligne arquée
2394;Muscle oblique externe de l'abdomen
2395;Arc inguinal [Ligament inguinal]
2396;Muscle oblique interne de l'abdomen
2397;Muscle crémaster
2398;Muscle transverse de l'abdomen
2399;Muscle carré des lombes
2400;Structures tendineuses et ligamentaires de l'abdomen
2400;Gaine jaune de l'abdomen
2401;Ligne blanche
2402;Anneau ombilical
2403;Ligament fundiforme du pénis
2404;Tendon prépubien
2405;Ligament suspenseur du pénis
2406;Ligament suspenseur du clitoris
2407;Fascia transverse
2408;Canal inguinal
2409;Anneau inguinal profond
2410;Anneau inguinal superficiel
2411;Pilier interne de l'anneau inguinal superficiel
2412;Pilier latéral de l'anneau inguinal superficiel
2413;Fibres intercrurales
2414;Couche fémorale
2415;Muscles de la queue
2416;Muscle coccygien
2417;Muscle sacrococcygien ventral médial
2418;Muscle sacrococcygien ventral latéral
2419;Muscle sacrococcygien dorsal médial
2420;Muscle sacrococcygien dorsal latéral
2421;Muscle intertransversaires ventraux caudaux
2422;Muscle intertransversaires dorsaux caudaux
2423;Fascia caudal
2424;Muscles du membre thoracique
2424;Muscles de l'épaule
2425;Muscle deltoïde
2426;Partie scapulaire épineuse du deltoïde
2427;Partie acromiale du deltoïde
2428;Partie claviculaire du deltoïde
2429;Muscle supra-épineux
2430;Muscle infra-épineux
2431;Muscle petit rond
2432;Muscle grand rond
2432;Muscle grand rond et grand dorsal
2433;Muscle subscapulaire
2434;Muscle articulaire de l'épaule (fe, su, eq)
2435;Muscle coracobrachial
2424;Muscles du bras
2436;Muscle biceps brachial
2436;Muscles biceps brachial et brachial
2437;Rétinaculum transverse
2438;Lacertus fibrosus
2439;Muscle brachial
2440;Muscle triceps brachial
2441;Chef long du triceps brachial
2442;Chef latéral du triceps brachial
2443;Chef médial du triceps brachial
2444;Chef accessoire du triceps brachial
2445;Muscle anconé
2446;Muscle tenseur du fascia antébrachial
2424;Muscles de l'avant-bras
2447;Muscle rond pronateur
2448;Muscle fléchisseur radial du carpe
2449;Muscle fléchisseur ulnaire du carpe
2450;Chef huméral du fléchisseur ulnaire du carpe
2451;Chef ulnaire du fléchisseur ulnaire du carpe
2452;Muscle fléchisseur superficiel des doigts
2453;Ligament accessoire du muscle fléchisseur sup. des doigts
2454;Manica flexoria
2455;Muscle fléchisseur profond des doigts
2456;Chef huméral du muscle fléchisseur profond des doigts
2457;Chef radial du muscle fléchisseur profond des doigts
2458;Chef ulnaire du muscle fléchisseur profond des doigts
2459;Ligament accessoire du muscle fléchisseur profond des doigts
2460;Couche transversale
2461;Muscles interfléchisseurs
2462;Muscle carré pronateur
2463;Muscle brachioradial
2464;Muscle extenseur radial du carpe
2465;Muscle long extenseur radial du carpe
2466;Muscle court extenseur radial du carpe
2467;Muscle extenseur commun des doigts
2468;Chef accessoire (Ru, eq)
2469;Muscle extenseur latéral des doigts
2470;Chef accessoire (ov, cap, eq)
2471;Muscle extenseur ulnaire du carpe
2472;Muscle supinateur
2473;Muscle long abducteur du doigt I
2473;Muscle long fléchisseur du doigt I
2474;[Muscle extenseur oblique du carpe]
2475;Muscle extenseur des doigts I et II
2475;Muscle extenseur du doigt I
2476;Muscle extenseur du doigt II
2477;Muscle court fléchisseur des doigts
2478;Muscle court abducteur du pouce
2479;Muscle court fléchisseur du pouce
2480;Muscle adducteur du pouce
2480;Muscles court abducteur et court fléchisseur du pouce
2480;Muscle opposant du pouce
2481;Muscle abducteur du doigt II
2482;Muscle fléchisseur du doigt II
2483;Muscle adducteur du doigt II
2484;Muscle abducteur du doigt V
2485;Muscle fléchisseur du doigt V
2486;Muscle adducteur du doigt V
2487;Muscles lombricaux de la main
2488;Muscles interosseux de la main
2488;Muscle interosseux et fléchisseur du doigt V
2424;Fascias et rétinaculums
2489;Fascia axillaire latéral
2490;Fascia axillaire médial
2491;Fascia brachial
2492;Couche superficielle du fascia brachial
2493;Couche profonde du fascia brachial
2494;Fascia antébrachial
2495;Couche superficielle du fascia antebrachial
2496;Couche profonde du fascia antebrachial
2497;Fascia dorsal de la main
2498;Rétinaculum des extenseurs
2499;Fascia palmaire de la main
2500;Rétinaculum des fléchisseurs
2501;Canal carpien
2502;Fascia des doigts
2503;Ligament métacarpien transverse superficiel
2504;[Ligament annulaire palmaire]
2505;Gaines fibreuses des doigts de la main
2506;Partie annulaire de la gaine fibreuse
2507;[Ligament annulaire du doigt]
2508;Partie cruciforme de la gaine fibreuse
2509;Scutum proximal
2510;Scutum moyen
2511;Scutum distal
2512;Gaines synoviales des tendons des doigts de la main
2513;Gaines des tendons
2514;Muscles du membre pelvien
2514;Muscles de la hanche et de la cuisse
2515;Muscle iliopsoas
2516;Muscle iliaque
2517;Muscle grand psoas
2518;Muscle petit psoas
2519;Muscle fessier superficiel
2520;Muscle glutéofémoral
2521;Muscle glutéobiceps
2522;Muscle moyen fessier
2523;Muscle fessier accessoire
2524;Muscle fessier profond
2525;Muscle tenseur du fascia lata
2525;Muscles tenseur du fascia lata et fessier superficiel
2526;Muscle piriforme
2526;Muscles moyen fessier et piriforme
2527;Muscle obturateur interne
2528;Muscles jumeaux
2528;Muscle jumeau supérieur
2528;Muscle jumeau inférieur
2529;Muscle carré fémoral
2530;Muscle sartorius
2531;Partie crâniale du sartorius (ca)
2532;Partie caudale du sartorius (ca)
2530;Fascia lata et muscle sartorius
2533;Muscle articulaire de la hanche (Car, eq)
2534;Muscle quadriceps fémoral
2535;Muscle droit fémoral
2536;Muscle vaste latéral
2537;Muscles vaste médial et vaste intermédiaire
2537;Muscle vaste intermédiaire
2538;Muscle vaste médial
2539;Muscle articulaire du genou (Car, bo)
2540;Muscle pectiné
2541;Muscle gracile
2542;Tendon symphysaire
2543;Muscle adducteur
2544;Muscle long adducteur
2545;Muscle court adducteur
2546;Muscle grand adducteur
2547;Muscle obturateur externe
2548;Partie intrapelvienne
2514;Muscles de la jambe
2549;Muscle biceps fémoral
2550;Muscle abducteur caudal de la jambe (Car)
2551;Muscle semitendineux
2552;Muscle semimembraneux
2553;Muscle tibial crânial
2554;Muscle long extenseur des orteils
2555;Muscle troisième fibulaire
2556;Muscle long extenseur du doigt I (Car, su, ov)
2556;M. long extenseur des orteils et long extenseur du doigt I
2557;Muscle long fibulaire
2558;Muscle extenseur latéral des orteils
2559;Muscle court fibulaire
2560;Muscle triceps sural
2561;Muscle gastrocnémien
2562;Chef latéral du muscle gastrocnémien
2563;Chef médial du muscle gastrocnémien
2564;Muscle soléaire
2565;Tendon calcanéen commun
2566;Muscle fléchisseur superficiel des orteils
2567;Manica flexoria du pied
2568;Muscle poplité
2569;Fléchisseurs profonds des orteils
2570;Muscle fléchisseur latéral des orteils
2571;Muscle fléchisseur médial des orteils
2572;Muscle tibial caudal
2573;Tendon commun
2574;Ligament accessoire
2575;Muscles interfléchisseurs du pied
2576;Muscle court extenseur des orteils
2577;Muscle abducteur du premier orteil
2578;Muscle court fléchisseur du premier orteil
2579;Muscle adducteur du premier orteil
2580;Muscle abducteur du deuxième orteil
2581;Muscle adducteur du deuxième orteil
2582;Muscle abducteur du cinquième orteil
2583;Muscle adducteur du cinquième orteil
2584;Muscle court fléchisseur des orteils
2585;Muscle carré plantaire
2586;Muscles lombricaux du pied
2587;Muscles interosseux du pied
2588;Fascias de la hanche et de la cuisse
2588;Fascia glutéal
2589;Fascia lata
2590;Lame superficielle du fascia lata
2591;Lame profonde du fascia lata
2592;Fascia iliaque
2588;Espaces et structures associées
2593;Lacune musculaire
2594;Lacune vasculaire
2595;Anneau fémoral
2596;Septum fémoral
2597;Triangle fémoral
2598;Canal fémoral
2588;Fascias de la jambe et du pied
2599;Fascia crural
2600;Couche superficielle du fascia de la jambe
2601;Couche profonde du fascia de la jambe
2602;Lamina propria
2603;Rétinaculum des extenseurs de la jambe
2604;Rétinaculum des extenseurs du tarse
2605;Rétinaculum des extenseurs du métatarse
2606;Rétinaculum des muscles fibulaires
2607;Fascia dorsal du pied
2608;Fascia plantaire
2609;Fascia des orteils
2610;Ligament métatarsien superficiel transverse
2611;[Ligament annulaire plantaire]
2588;Gaines fibreuses et synoviales des tendons du pied
2612;Gaines fibreuses des orteils
2613;Partie annulaire de la gaine fibreuse du pied
2614;Scutum proximal du pied
2615;Scutum moyen du pied
2616;Scutum distal du pied
2617;Ligaments des tendons du pied
2618;Bourses et gaines synoviales
2618;Classification générale des bourses synoviales
2619;Bourse synoviale sous-cutanée
2620;Bourse synoviale sous-musculaire
2621;Bourse synoviale subfasciale
2622;Bourse synoviale sous-tendineuse
2623;Bourse synoviale subligamentaire
2624;Gaine synoviale du tendon des orteils
2625;Bourses et gaines synoviales de la tête, du cou et du tronc
2625;Bourses et gaines synoviales de la tête
2625;Bourses et gaines synoviales du cou
2625;Bourses et gaines synoviales de l'axe vertébral
2626;Gaine synoviale du muscle oblique dorsal
2627;Bourse du muscle tenseur du voile du palais
2628;Gaine du tendon du muscle digastrique
2629;Bourse sous-ligamentaire supraspinale
2630;Bourse sous-ligamentaire nuchale crâniale
2631;Bourse sous-ligamentaire nuchale caudale
2632;Bourses et gaines synoviales du membre thoracique
2633;Bourse sous-cutanée préscapulaire (eq)
2634;Bourse subdeltoïdienne
2635;Bourse sous-tendineuse du muscle coracobrachial
2636;Gaine synoviale du muscle coracobrachial
2637;Bourse sous-tendineuse du muscle infra-épineux
2638;Bourse sous-tendineuse du muscle supra-épineux (su)
2639;Bourse sous-tendineuse du muscle subscapulaire
2640;Bourse sous-tendineuse du muscle grand rond (su)
2641;Bourse sous-tendineuse du muscle petit rond
2642;Gaine synoviale intertuberculaire
2643;Bourse intertuberculaire
2644;Bourse subtendineuse de l'olécrâne
2645;Bourse infratendineuse olécranienne
2646;Bourse subtendineuse du muscle triceps brachial
2647;Bourse bicipitoradiale
2648;Bourse sous-tendineuse du muscle brachial
2649;Bourse sous-cutanée précarpale
2650;Gaine tendineuse du muscle long abducteur du doigt I
2651;Bourse subtendineuse du m. long abducteur du doigt I (bo, eq)
2652;Gaine du tendon extenseur radial du carpe
2653;Gaine tendineuse du muscle extenseur commun des doigts
2654;Gaine tendineuse du m. extenseur lat. des doigts de la main
2655;Gaine tendineuse du muscle extenseur ulnaire du carpe
2656;Bourse sous-tendineuse du muscle extenseur ulnaire du carpe
2657;Bourse sous-tendineuse du muscle extenseur radial du carpe
2658;Gaine tendineuse du fléchisseur radial du carpe
2659;Gaine synoviale des muscles fléchisseurs communs
2660;Bourse subtendineuse du muscle fléchisseur profond des doigts
2661;Bourses musculaires de m. fléchisseur superficiel des doigts
2662;Gaine tendineuse du muscle fléchisseur ulnaire du carpe (Car)
2663;Bourse subtendineuse du m. ext. commun des doigts (Ru, éq)
2664;Bourse subtend. du m. ext. lat. des doigts (Ru, éq)
2665;Gaine tendineuse distale du m. ext. commun des doigts (Ru)
2666;Bourses sous-tendineuses des muscles interosseux de la main
2667;Bourses podotrochléaire de la main
2668;Bourses et gaines synoviales du membre pelvien
2669;Bourse trochantérique sous-cutanée
2670;Bourse sous-cutanée iliaque [coxale]
2671;Bourse sous-cutanée ischiatique
2672;Bourse trochantérique du muscle fessier superficiel
2673;Bourses trochantériques du muscle fessier moyen
2674;Bourse trochantérique du muscle fessier accessoire (eq)
2675;Bourse trochantérique du muscle fessier profond
2676;Bourse ischiatique du muscle obturateur interne (Car, eq)
2677;Bourse ischiatique du muscle obturateur externe (su, Ru)
2678;Bourse sous-tendineuse du muscle obturateur interne (Car, eq)
2679;Bourse sous-tendineuse du muscle obturateur externe (su, Ru)
2680;Bourse trochantérique du muscle biceps fémoral
2681;Bourse ischiatique du muscle semitendineux
2682;Bourse du muscle droit fémoral
2683;Bourse subtendineuse du muscle iliaque
2684;Bourse prépatellaire sous-cutanée
2685;(Bourse subfasciale prépatellaire)
2686;Bourse prépatellaire sous-tendineuse
2687;Bourse infrapatellaire proximale (eq)
2688;Bourse infrapatellaire distale
2689;Bourse sous-cutanée de la tubérosité tibiale
2690;Bourse sous-tendineuse du muscle semitendineux
2691;Bourse sous-tendineuse du biceps fémoral distal
2692;Récessus subpoplité
2693;Récessus sous-extenseur
2694;Bourse sous-cutanée de la malléole latérale
2695;Bourse sous-cutanée malléolaire
2695;Gaines tendineuses du membre pelvien
2696;Gaine tendineuse du muscle tibial crânial
2697;Gaine du tendon du troisième fibulaire (su, Ru)
2698;Gaines tendineuses du muscles long extenseur des doigts
2699;Gaine tendineuse du muscle extenseur lat. des orteils
2700;Gaine tendineuse du muscle tibial caudal (ca)
2701;Gaine tendineuse du muscle fléchisseur médial des doigts
2702;Gaine tendineuse du muscle fléchisseur lat. des doigts
2703;Gaine tendineuse du muscle long fibulaire
2704;Bourse subtendineuse du muscle long fibulaire (su, Ru)
2704;Bourse subtendineuse du muscle court fibulaire (Car)
2705;Bourse subtendineuse du muscle tibial crânial
2706;Bourse sous-cutanée calcanéenne
2707;Bourse calcanéenne subtend. du m. fléchisseur sup. des doigts
2708;Bourse tendineuse calcanéenne
2709;Gaine tendineuse du muscle long fibulaire plantaire
2710;Bourse subtendeneuse du muscle long fibulaire (Su, Ru)
2711;Bourse subtendineuse du m. long extenseur des doigts (Ru, éq)
2712;Bourse subtend. du m. ext. lat. des orteils (Ru, eq)
2713;Gaine dist. des tendons du m. long extenseur des doigts (Ru)
2714;Gaines synoviales tendineuses des orteils
2715;Bourses subtendineuses des muscles interosseux du pied
2716;Bourses podotrochléaires du pied
2717;Splanchnologie
2717;Muqueuses
2718;Muqueuse de l'œsophage
2719;Muqueuse de l'estomac
2720;Muqueuse de l'intestin grêle
2721;Muqueuse du gros intestin
2722;Muqueuse de la vésicule biliaire
2723;Muqueuse du bassinet
2724;Muqueuse de la vessie
2725;Muqueuse de l'urètre féminin
2726;Muqueuse de l'urètre masculin
2727;Muqueuse de la trompe utérine
2728;Muqueuse du vagin
2729;Muqueuse du conduit déférent
2730;Muqueuse de la glande séminale
2731;Couche muqueuse propre
2732;Lame musculaire de la muqueuse
2733;Sous-muqueuse du pharynx
2734;Sous-muqueuse de l'œsophage
2735;Sous-muqueuse de l'estomac
2736;Sous-muqueuse de l'intestin grêle
2737;Sous-muqueuse de la trachée
2738;Sous-muqueuse de la bronche
2739;Sous-muqueuse de la vessie
2740;Tunique musculaire
2741;Tunique fibreuse
2742;Tunique albuginée
2743;Tunique adventice
2744;Couche sous-séreuse
2745;Tunique séreuse
2746;Parenchyme
2747;Stroma
2748;Glande
2749;Lobe
2750;Lobule
2751;Glande muqueuse
2752;Glande séreuse
2753;Glande séromuqueuse
2754;Appareil digestif
2754;Cavité buccale et structures associées
2755;Vestibule oral
2756;Lèvres
2757;Philtrum
2758;Angle de la bouche
2759;Corps adipeux de la joue
2760;Organe juxta-oral
2761;Cavité buccale propre
2762;Palais
2763;Palais dur
2764;Palais mou
2765;Raphé palatin
2766;Récessus sublingual latéral
2767;Muqueuse de la bouche
2768;Frein de la lèvre supérieure
2769;Frein de la lèvre inférieure
2770;Gencive
2771;Bord de la gencive
2772;Papille gingivale [interdentaire]
2773;Sillon gingival
2774;Caroncule sublinguale
2775;Tonsille sublinguale
2776;Pli sublingual
2777;Organe orobasal
2778;Papille parotidienne
2779;Papille zygomatique (Car)
2780;Rides palatines
2781;Pulvinus dentaire
2782;Papille incisive
2783;Papilles labiales (ca, Ru)
2784;Papilles buccales (Ru)
2785;Pli ptérygomandibulaire
2786;Glandes de la bouche
2787;Glandes salivaires mineures
2788;Ganglions labiaux
2789;Ganglions buccaux
2790;Ganglions buccaux dorsaux
2791;Ganglion zygomatique
2792;Grand canal de la glande zygomatique
2793;Petit canal de la glande zygomatique
2794;Ganglions buccaux intermédiaires (Ru)
2795;Ganglions buccaux ventraux
2796;Ganglions molaires
2797;Ganglions palatins
2798;Ganglions linguaux
2799;Ganglions dégustatifs
2800;Ganglion lingual apical
2801;Ganglion paracaronculaire (cap, eq)
2802;Glandes salivaires majeures
2803;Ganglion sublingual monostomatique
2804;Grand canal sublingual
2805;Ganglion sublingual polystomatique
2806;Petit canal sublingual
2807;Conduit mandibulaire
2808;Glande parotide
2809;Partie superficielle de la glande parotide
2810;Partie profonde de la glande parotide
2811;Ganglion parotidien accessoire
2812;Canal parotidien
2813;Dents
2813;Dents (Os incisif)
2813;Dents (Os maxillaire)
2813;Dents (Mandibule)
2813;Dents labiales
2813;Dents jugales
2813;Dents supérieures
2813;Dents inférieures
2814;Corps de la dent
2815;Couronne clinique de la dent
2816;Cuspide de la dent
2817;Sommet de la cuspide
2818;Tubercule de la couronne de la dent
2819;Infundibulum dentaire
2820;Pli d'émail
2821;Crête de l'émail
2822;Couronne clinique
2823;Col de la dent
2824;Racine de la dent
2825;Apex de la racine de la dent
2826;Racine clinique
2827;Face occlusale
2828;Surface vestibulaire [faciale]
2829;Surface linguale des dents
2830;Surface de contact de la dent
2831;Face mésiale
2832;Face distale
2833;Crête marginale
2834;Bord incisif
2835;Cavité de la dent
2836;Cavité coronale de la dent
2837;Corne de la cavité dentaire
2838;Canal de la racine de la dent
2839;Ouverture de l'apex de la dent
2840;Pulpe de la dent
2841;Pulpe coronale
2842;Pulpe radiculaire
2843;Dentine
2844;Email
2845;Cément
2846;Arcade dentaire supérieure
2847;Arcade dentaire inférieure
2848;Diastème
2849;Dents incisives
2849;Incisive supéromédiale
2849;Incisive intermédiaire supérieure
2849;Incisive supérolatérale
2849;Incisive inféromédiale
2849;Incisive intermédiaire inférieure
2849;Incisive inférolatérale
2850;Canines
2850;Canine supérieure
2850;Canine inférieure
2851;Dents prémolaires
2851;Première prémolaire supérieure
2851;Deuxième prémolaire supérieure
2851;Troisième prémolaire supérieure
2851;Quatrième prémolaire supérieure
2851;Première prémolaire inférieure
2851;Deuxième prémolaire inférieure
2851;Troisième prémolaire inférieure
2851;Quatrième prémolaire inférieure
2852;Dent de lupin (eq)
2853;Dents molaires
2853;Première molaire supérieure
2853;Deuxième molaire supérieure
2853;Troisième molaire supérieure
2853;Première molaire inférieure
2853;Deuxième molaire inférieure
2853;Troisième molaire inférieure
2854;Dent carnassière (Car)
2855;Dents déciduales
2856;Dents permanentes
2857;Corps de la langue
2858;Racine de la langue
2859;Pointe de la langue
2860;Dos de la langue
2861;Torus lingual (Ru)
2862;Fosse linguale (bo)
2863;Surface ventrale de la langue
2864;Bord de la langue
2865;Muqueuse de la langue
2866;Frein de la langue
2867;Papilles linguales
2868;Papilles filiformes
2869;Papilles coniques
2870;Papilles fungiformes
2871;Papilles lentiformes (Ru)
2872;Papilles circumvallées
2873;Papilles foliées
2874;Papilles marginales
2875;Sillon médian de la langue
2876;Tonsille linguale
2877;Follicules linguaux
2878;Papilles tonsillaires (su)
2879;Septum lingual
2880;Lysse
2881;Cartilage du dos de la langue (eq)
2882;Aponévrose linguale
2883;Muscles de la langue
2884;Muscle génioglosse
2885;Muscle hyoglosse
2886;Muscle styloglosse
2887;Muscle de la langue
2888;Fibres longitudinales superficielles
2889;Fibres longitudinales profondes
2890;Fibres transverses
2891;Fibres perpendiculaires
2892;Cavité du pharynx
2893;Nasopharynx
2894;Fornix du pharynx
2895;Septum pharyngé (su, Ru)
2896;Tonsille pharyngienne
2897;Follicules tonsillaires
2898;Orifice pharyngien de la trompe auditive
2899;Torus tubaire
2900;Torus de l'élévateur
2901;Tonsille tubaire
2902;Récessus pharyngien
2903;(Bourse pharyngée)
2904;Diverticule pharyngé
2905;Ouverture intrapharyngée
2906;Luette [palatine] (su)
2907;Arc palatoglosse
2908;Arc palatopharyngien
2909;Isthme du gosier
2910;Oropharynx
2911;Gosier
2912;Tonsille palatine
2913;Fosses amygdaliennes
2914;Cryptes tonsillaires
2915;Lymphonoeuds [Noeuds lymphatiques]
2916;Sinus tonsillaire
2917;Capsule tonsillaire
2918;Pli semilunaire
2919;Fosse tonsillaire
2920;Fosse supratonsillaire
2921;Tonsille du voile du palais (su, eq)
2922;Tonsille paraépiglottique (fe, su, ov, cap)
2923;Sillon tonsillaire (su)
2924;Vallécule épiglottique
2925;Pli glosso-épiglottique médian
2926;Pli glosso-épiglottique latéral
2927;Laryngopharynx
2928;Récessus piriforme
2929;Vestibule œsophagien
2930;Seuil pharyngo-œsophagien (Car)
2931;Fascia pharyngobasilaire
2932;Sous-muqueuse du fascia pharyngobasal
2933;Muqueuse du fascia pharyngobasilaire
2934;Ganglions pharyngés
2935;Musculeuse du pharynx
2936;Raphé pharyngien
2937;Muscles constricteurs rostraux du pharynx
2938;Muscle ptérygopharyngien
2939;Muscle stylopharyngien rostral
2940;Muscle stylopharyngien caudal
2941;Muscle hyopharyngé [M. constricteur moyen du pharynx]
2942;Muscles constricteurs caudaux du pharynx
2943;Muscle thyropharyngien
2944;Muscle cricopharyngien
2945;Espace rétropharyngien
2946;Espace latéropharyngien
2947;Muscles du palais et de la gorge
2948;Aponévrose palatine
2949;Muscle élévateur du voile du palais
2950;Muscle tenseur du voile du palais
2950;Insertion de l'élévateur et du tenseur du voile du palais
2951;Muscle palatin
2952;Muscle palatopharyngien
2953;Tube digestif
2954;œsophage
2955;Partie cervicale de l'œsophage
2956;Partie thoracique de l'œsophage
2957;Partie abdominale de l'œsophage
2958;Adventice de l'œsophage
2959;Musculeuse de l'œsophage
2960;Tendon crico-œsophagien
2961;Muscle longitudinal dorsal de l'œsophage
2962;Muscle longitudinal latéral de l'œsophage
2963;Muscle longitudinal ventral de l'œsophage
2964;Muscle broncho-œsophagien
2965;Muscle pleuro-œsophagien (ca)
2966;Sous-muqueuse du muscle pleuro-œsophagien (ca)
2967;Muqueuse du muscle pleuro-œsophagien (ca)
2968;Musculeuse de la muqueuse du muscle pleuro-œsophagien (ca)
2969;Ganglions de l'œsophage
2970;Estomac [Gaster]
2971;Surface pariétale de l'estomac
2972;Surface viscérale de l'estomac
2973;Grande courbure de l'estomac
2974;Petite courbure de l'estomac
2975;Incisure angulaire
2976;Partie cardiale
2977;Ouverture cardiaque
2978;Incisure cardiale
2979;Fond de l'estomac
2980;Sac aveugle de l'estomac (eq)
2981;Diverticule de l'estomac (su)
2982;Corps de l'estomac
2983;Sillon de l'estomac
2984;Partie pylorique
2985;Antre pylorique
2986;Canal pylorique
2987;Pylore
2988;Orifice pylorique
2989;Torus pylorique (su, Ru)
2990;Proventricule
2991;Ruminoréticulum
2992;Rumen
2993;Surface pariétale du rumen
2994;Surfcace viscérale du rumen
2995;Courbure dorsale
2996;Courbure ventrale
2997;Extrémité crâniale du rumen
2998;Extrémité caudale du rumen
2999;Atrium du rumen
3000;Sac dorsal
3001;Sac caudodorsal
3002;Sac ventral
3003;Récessus métatarsophalangien plantaire
3004;Sac caudoventral
3005;Sillon crânial
3006;Sillon caudal
3007;Sillon longitudinal droit
3008;Sillon accessoire droit
3009;Insula du rumen
3010;Sillon longitudinal gauche
3011;Sillon accessoire gauche
3012;Sillon coronaire dorsal
3013;Sillon coronaire ventral
3014;Pilier crânial
3015;Pilier caudal
3016;Pilier longitudinal droit
3017;Pilier accessoire droit
3018;Pilier longitudinal gauche
3019;Pilier accessoire gauche
3020;Pilier coronaire dorsal
3021;Pilier coronaire ventral
3022;Ouverture intraruminale
3023;Sillon ruminoréticulaire
3024;Plis ruminoréticulaires
3025;Ouverture ruminoréticulaire
3026;Réticulum
3027;Surface diaphragmatique du reticulum
3028;Surface viscérale du reticulum
3029;Courbure majeure
3030;Courbure mineure
3031;Fundus du reticulum
3032;Sillon du reticulum
3033;Fundus du silllon du reticulum
3034;Lèvre droite
3035;Lèvre gauche
3036;Ostium réticulo-omasique
3037;Omasum
3038;Corps de l'omasum
3039;Surface pariétale de l'omasum
3040;Surface viscérale de l'omasum
3041;Courbure de l'omasum
3042;Base de l'omasum
3043;Col de l'omasum
3044;Sillon de l'omasum
3045;Canal de l'omasum
3046;Papilles de l'omasum
3047;Sillon omaso-abomasique
3048;Ostium omaso-abomasique
3049;Caillette
3050;Surface pariétale de l'abomasum
3051;Surface viscérale de l'abomasum
3052;Courbure majeure de l'abomasum
3053;Petite courbure de l'abomasum
3054;Fond de l'abomasum
3055;Corps de l'abomasum
3056;Sillon de l'abomasum
3057;Partie pylorique de l'abomasum
3058;Paroi de l'estomac
3059;Séreuse de l'abomasum
3060;Sous-séreuse de l'abomasum
3061;Musculeuse de l'abomasum
3062;Couche longitudinale
3063;Fibres ruminoréticulo-abomasiques
3064;Fibres obliques externes
3065;Couche circulaire
3066;Muscle sphincter pylorique
3067;Fibres obliques internes
3068;Anse cardiaque
3069;Muscle sphincter du cardia
3070;Muscle sphincter réticulo-omasique
3071;Sous-muqueuse du sphincter reticulo-omasique
3072;Muqueuse du muscle sphincter reticulo-omasique
3073;Partie glandulaire
3074;Plis gastriques
3075;Musculeuse de la muqueuse du sphincter reticulo-omasique
3076;Aires gastriques
3077;Sillons gastriques
3078;Plis des villosités
3079;Fossettes gastriques
3080;Glandes cardiaques
3081;Glandes gastriques
3082;Glandes pyloriques
3083;Ganglions lymphatiques gastriques
3084;Partie non-glandulaire
3085;Bord plissé (su, eq)
3086;Papilles ruminantes
3087;Cellules réticulées
3088;Crêtes réticulées
3089;Papilles réticulées
3090;Papilles unguiculiformes (Ru)
3091;Lame omasique
3092;Récessus interlaminaires
3093;Papilles omasiques
3094;Voile abomasique
3095;Plis abomasiques en spirale
3096;Intestin grêle
3097;Séreuse de l'intestin grêle
3098;Sous-séreuse de l'intestin grêle
3099;Musculeuse de l'intestin grêle
3100;Strate longitudinale de l'intestin grêle
3101;Strate circulaire de l'intestin grêle
3102;Couche sous-muqueuse de l'intestin grêle
3103;Couche muqueuse de l'intestin grêle
3104;Couche musculaire de la muqueuse de l'intestin grêle
3105;Plis circulaires
3106;Villosités intestinales
3107;Ganglions intestinaux
3108;Duodénum
3109;Partie crâniale du duodénum
3110;Ampoule duodénale
3111;Ansa sigmoïde (Un)
3112;Courbure crâniale du duodénum
3113;Partie descendante
3114;Courbure caudale du duodénum
3115;Partie transverse [partie caudale]  du duodénum
3116;Partie ascendante du duodénum
3117;Flexion duodénojéjunale
3118;Grande papille duodénale
3119;Petite papille duodénale
3120;Ganglions duodénaux
3121;Jéjunum
3122;Iléon
3123;Muscle sphincter de l'iléon
3124;Papille iléale
3125;Orifice iléal
3126;Papilles iléales du frenulum
3127;Gros intestin
3128;Séreuse du gros intestin
3129;Couche sous-séreuse du gros intestin
3130;Musculeuse du gros intestin
3131;Couche longitudinale du gros intestin
3132;Couche circulaire du gros intestin
3133;Sous-muqueuse du gros intestin
3134;Tunique muqueuse du gros intestin
3135;Musculeuse de la muqueuse du gros intestin
3136;Ganglions intestinaux du gros intestin
3137;Ganglions lymphatiques solitaires
3138;Ganglions lymphatiques agrégés
3139;Caecum
3140;Base du caecum
3141;Corps du caecum
3142;Sommet du caecum
3143;Grande courbure du caecum
3144;Petite courbure du caecum
3145;Ténias du caecum
3146;Ténia dorsal
3147;Ténia ventral
3148;Ténia médial
3149;Ténia latéral
3150;Haustra du caecum
3151;Plis semilunaires du caecum
3152;Ouverture caecocolique
3153;Valve caecocolique (eq)
3154;Muscle sphincter du caecum
3155;Côlon
3156;Côlon ascendant
3157;Côlon épais (eq)
3158;Col du côlon
3159;Côlon ventral droit
3160;Flexion sternale [diaphragmatique ventrale]
3161;Côlon ventral gauche
3162;Pelvic flexure
3163;Côlon dorsal gauche
3164;Flexion diaphragmatique [dorsale]
3165;Côlon dorsal droit
3166;Ampoule du côlon
3167;Anse proximale du côlon (Ru)
3168;Anse spiralée du côlon (Su, Ru)
3169;Gyri centripètes
3170;Flexion centrale
3171;Gyri centrifuges
3172;Anse distale du côlon (su, Ru)
3173;Angle colique droit
3174;Côlon transverse
3175;Flexion colique gauche
3176;Côlon descendant [côlon fin (eq)]
3177;Côlon sigmoïde
3178;Ténias du colon
3179;Ténia mésocolique latéral
3180;Ténia mésocolique médial
3181;Ténia libre latéral
3182;Ténia libre médial
3183;Haustrations du côlon
3184;Plis semilunaires du côlon
3185;Appendices épiploïques
3186;Rectum
3187;Ampoule rectale
3188;Tunique adventice de l'ampoule rectale
3189;Muscle rectococcygien
3190;Plis transverses du rectum
3191;Colonnes rectales
3192;Canal anal
3193;Muscle sphincter anal interne
3194;Jonction anorectale
3195;Zone colonnaire anale (ca, su)
3196;Colonnes anales
3197;Sinus anaux
3198;Ganglions anaux
3199;Ligne intermédiaire
3200;Jonction anocutanée
3201;Zone cutanée
3202;Ganglions des sinus para-anaux
3203;Ganglions circulaires (ca)
3204;Anus
3205;Foie
3206;Face diaphragmatique du foie
3207;Zone nue
3208;Sillon de la veine cave
3209;Face viscérale du foie
3210;Fosse de la vésicule biliaire
3211;Incisure du ligament rond
3212;Porte du foie
3213;Tubérosité omentale (Car)
3214;Empreinte œsophagienne
3215;Empreinte gastrique
3216;Impression réticulaire
3217;Impression omasique
3218;Impression duodénale
3219;Impression colique
3220;Empreinte caecale (eq)
3221;Impression rénale
3222;Empreinte surrénalienne
3223;Bord dorsal du foie
3224;Bord droit du foie
3225;Bord gauche du foie
3226;Bord ventral du foie
3227;Incisures interlobaires
3228;Incisure ligamentaire
3229;Lobe hépatique droit
3230;Lobe hépatique droit latéral
3231;Lobe hépatique droit médial
3232;Lobe carré
3233;Lobe caudé
3234;Processus papillaire
3235;Processus caudé
3236;Lobe hépatique gauche
3237;Lobe hépatique gauche latéral
3238;Lobe hépatique gauche médial
3239;(Appendice hépatique fibreux)
3240;Lobes du foie
3241;Séreuse du foie
3242;Couche sous-séreuse du foie
3243;Capsule fibreuse du foie
3244;Capsule fibreuse périvasculaire
3245;Veines centrales
3246;Canaux interlobulaires
3247;Canaux bilifères
3248;Conduit hépatique commun
3249;Conduit hépatique droit
3250;Conduit hépatique gauche
3251;Vésicule biliaire
3252;Séreuse de la vésicule biliaire
3253;Couche sous-séreuse de la vésicule biliaire
3254;Musculeuse de la vésicule biliaire
3255;Plis de la muqueuse de la vésicule biliaire
3256;Ganglions de la vésicule biliaire
3257;Fond de la vésicule biliaire
3258;Corps de la vésicule biliaire
3259;Col de la vésicule biliaire
3260;Conduit cystique
3261;Canaux hépatocystiques
3262;Canal biliaire
3263;Muscle sphincter du canal cholédoque
3264;Ampoule hépatopancréatique
3265;Muscle sphincter de l'ampoule hépatopancréatique
3266;[Muscle sphincter de l'ampoule]
3267;Pancréas
3268;Lobe droit du pancréas
3269;Processus unciné (Ru)
3270;Corps du pancréas
3271;Tubérosité omentale
3272;lobe gauche du pancréas
3273;Encoche du pancréas (Car,Ru)
3274;Anneau du pancréas (su, eq)
3275;Surface ventrale pancréatique
3276;Surface dorsale pancréatique
3277;Bord crânial pancréatique
3278;Bord caudal pancréatique
3279;Bord droit
3280;Bord gauche
3281;Canal pancréatique
3282;Muscle sphincter du canal pancréatique
3283;Canal pancréatique accessoire
3284;Muscle sphincter du canal pancréatique accessoire
3285;(Pancréas accessoire)
3286;Système respiratoire
3287;Nez externe
3288;Racine du nez
3289;Dos du nez
3290;Bout du nez
3291;Ailes du nez
3292;Partie mobile
3293;Rostre
3294;Plan nasal (Car)
3295;Zones du plan nasal (Car)
3296;Sillons du plan nasal (Car)
3297;Plan rostral (su)
3298;Zones du plan rostral (su)
3299;Sillons du plan rostral (su)
3300;Fovéoles du plan rostral (su)
3301;Glandes du plan rostral (su)
3302;Plan nasolabial (bo)
3303;Zones du plan nasolabial (bo)
3304;Sillons du plan nasolabial (bo)
3305;Fovéoles du plan nasolabial (bo)
3306;Glandes du plan nasolabial (bo)
3307;Plan nasal (ov, cap)
3308;Zones
3309;Sillons
3310;Fovéoles
3311;Glandes
3312;Cartilages externes du nez
3313;Cartilage nasal latéral dorsal
3314;Cartilage nasal latéral ventral
3315;Cartilage alaire
3316;Corne (eq)
3317;Couche (eq)
3318;Cartilage nasal accessoire latéral
3319;Cartilage nasal accessoire médial
3320;Cavité nasale
3321;Narines
3322;Sillon alaire
3323;Diverticule nasal (eq)
3324;Septum nasal
3325;Cartilage du septum nasal
3326;Processus caudal
3327;Partie membraneuse des narines
3328;Partie osseuse des narines
3329;Organe voméronasal
3330;Canal voméronasal
3331;Cartilage voméronasal
3332;Conduit incisif
3333;Vestibule nasal
3334;Limen nasal
3335;Ostium nasolacrymal
3336;Pli de l'aile
3337;Pli droit
3338;Pli basal
3339;Pli oblique (Car)
3340;Plis parallèles (Car)
3341;Conques nasales
3341;Conque nasale dorsale
3342;Septum dorsal de la conque (eq)
3343;Partie rostrale du septum nasal conchal (eq)
3344;Partie caudale du septum nasal conchal (eq)
3345;Conques ethmoïdales
3346;Conque nasale ventrale
3347;Septum de la conque ventral (eq)
3348;Partie rostrale du septum nasal ventral (eq)
3349;Partie caudale du septum nasal ventral (eq)
3350;Partie dorsale (su, Ru)
3351;Partie ventrale (su, Ru)
3352;Muqueuse de la cavité nasale
3353;Région respiratoire
3354;Région olfactive
3355;Ganglions olfactifs
3356;Ganglions nasaux
3357;Ganglion nasal latéral
3358;Plexus nasal caverneux
3359;Sinus paranasaux
3360;Sinus conchal dorsal
3361;Bulle conchale dorsale
3362;Cellules de la bulle conchale dorsale
3363;Sinus conchale médial
3364;Sinus conchal ventral
3365;Bulle conchale ventrale
3366;Cellules
3367;Récessus maxillaire (Car)
3368;Ouverture nasomaxillaire
3369;Ouverture maxillopalatine (Ru)
3370;Ouverture conchomaxillaire (eq)
3371;Sinus lacrymal (su, Ru)
3372;Sinus frontale rostral (ca)
3373;Sinus frontal médial rostral (su,bo)
3374;Sinus frontal rostral intermédiaire (bo)
3375;Sinus frontal rostral latéral (su, bo)
3376;Sinus frontal médial (ca, ov, cap)
3377;Sinus frontal latéral (ca, ov, cap)
3378;Sinus frontal caudal (su, bo)
3379;Lamelles intrasinusiennes
3380;Sinus conchofrontal
3381;Ouverture frontomaxillaire (eq)
3382;Sinus sphénopalatin (eq)
3383;Larynx
3384;Proéminence laryngée
3385;Cartilages du larynx
3386;Cartilage thyroïde
3387;Lame [droite et gauche]
3388;Incisure thyroïdienne rostrale
3389;Incisure thyroïdienne caudale
3390;Ligne oblique
3391;Corne rostrale du cartilage thyroïde
3392;Corne caudale du cartilage thyroïde
3393;Fissure thyroïdienne
3394;Foramen thyroïdien
3395;Surface articulaire cricoïdienne
3396;Surface articulaire hyoïde
3397;Articulation thyrohyoïdienne
3398;Capsule articulaire thyrohyoïdienne
3399;Membrane thyrohyoïdienne
3400;Cartilage cricoïde
3401;Arc du cartilage cricoïde
3402;Lame du cartilage cricoïde
3403;Crête médiane
3404;Surface articulaire aryténoïdienne
3405;Surface articulaire thyroïdienne
3406;Articulation cricothyroïdienne
3407;Capsule articulaire cricothyroïdienne
3408;Ligament cricothyroïdien
3409;Ligament cricotrachéal
3410;Cartilage aryténoïde
3411;Surface articulaire du cartilage aryténoïde
3412;Base du cartilage aryténoïde
3413;Processus vocal
3414;Face latérale du processus vocal
3415;Processus musculaire du cartilage aryténoïde
3416;Crête arquée
3417;Face médiale du cartilage aryténoïde
3418;Processus médial
3419;Surface dorsale du cartilage aryténoïde
3420;Apex du cartilage aryténoïde
3421;Processus corniculé
3422;Processus cunéiforme (ca)
3423;Cartilage interaryténoïde
3424;Cartilage sésamoïde
3425;Ligament aryténoïdien transverse
3426;Ligament arycorniculaire
3427;Articulation crico-aryténoïdienne
3428;Capsule articulaire crico-aryténoïdienne
3429;Ligament crico-aryténoïdien
3430;Epiglotte
3431;Face linguale
3432;Face laryngée
3433;Bords latéraux
3434;Base
3435;Apex
3436;Pétiole de l'épiglotte
3437;Cartilage épiglottique
3438;Processus cunéiforme (eq)
3439;Ligament thyro-épiglottique
3440;Ligament hyo-épiglottique
3441;Muscles du larynx
3442;Muscle cricothyroïdien
3443;Muscle crico-aryténoïdien dorsal
3444;Muscle crico-aryténoïdien latéral
3445;Muscle ventriculaire
3446;Muscle vocal accessoir (eq)
3447;Muscle hyo-épiglottique
3448;Muscle tenseur du centricue du larynx (eq)
3449;Muscle aryténoïdien transverse
3450;Cavité du larynx
3451;Aditus laryngé
3452;Tubercule cunéiforme
3453;Tubercule corniculé
3454;Pli ary-épiglottique
3455;Incisure interaryténoïdienne
3456;Vestibule laryngé
3457;Pli vestibulaire
3458;Fente vestibulaire
3459;Ventricule du larynx
3460;Récessus laryngé médian
3461;Glotte
3462;Pli vocal
3463;Fente de la glotte
3464;Partie intermembranacée
3465;Partie intercartilagineuse
3466;Espace infraglottique
3467;Muqueuse de la cavité infraglottique
3468;Membrane fibro-élastique du larynx
3469;Ligament vestibulaire
3470;Ligament vocal
3471;Ganglions laryngés
3472;Lymphonoeuds laryngés
3473;Trachée
3474;Partie cervicale de la trachée
3475;Partie thoracique de la trachée
3476;Cartilages trachéaux
3477;Muscle trachéal
3478;Ligaments annulaires [trachéaux]
3479;Paroi membraneuse
3480;Sous-muqueuse
3481;Ganglions trachéaux
3482;Muqueuse
3483;Bifurcation trachéale
3484;Carina trachéale
3485;Bronches
3486;Arbre bronchique
3487;Bronche principale [droite et gauche]
3488;Bronches lobaires
3489;Bronche trachéale (su, Ru)
3490;Bronches segmentaires
3490;Bronchioles
3491;Cartilages bronchiques
3492;Sous-muqueuse bronchale
3493;Ganglions bronchiques
3494;Muqueuse bronchale
3495;Couche musculaire de la muqueuse bronchale
3496;Lymphonoeuds bronchiques
3497;Poumon [droit et gauche]
3497;Poumon gauche
3497;Poumon droit
3498;Base du poumon
3499;Apex du poumon
3500;Face costale
3501;Face médiale du poumon
3502;Partie vertébrale
3503;Partie médiastinale
3504;Impression cardiaque
3505;Impression aortique
3506;Empreinte œsophagienne du poumon
3507;Sillon de la veine cave caudale
3508;Face diaphragmique du poumon
3509;Faces interlobaires
3510;Bord dorsal [obtus]
3511;Bord aigu
3512;Bord ventral
3513;Bord basal
3514;Hilus du poumon
3515;Racine du poumon
3516;Incisure cardiaque du poumon droit
3517;Incisure cardiaque du poumon gauche
3518;Lobe crânial [poumon droit]
3519;Partie crâniale du poumon
3520;Partie caudale du poumon
3521;Lobe crânial [poumon gauche]
3522;Partie crâniale [Sommet]
3523;Partie caudale [Lingula]
3524;Lobe moyen [poumon droit]
3525;Lobe caudal du poumon droit
3525;Lobe caudal du poumon gauche
3526;Lobe accessoire [poumon droit]
3527;Fissure interlobaire crâniale [poumon droit]
3528;Fissure interlobaire caudale
3529;Segments bronchopulmonaires
3530;Segments dorsaux du lobe crânial
3531;Segments ventraux du lobe crânial
3532;Segments médiaux du lobe crânial
3533;Segments latéraux du lobe crânial
3534;Segments du lobe moyen
3535;Segments dorsaux du lobe caudal
3536;Segments ventraux du lobe caudal
3537;Segments médiaux du lobe caudal
3538;Segments latéraux du lobe caudal
3539;Segment accessoire
3540;Lobes pulmonaires
3541;Bronchules
3542;Bronchioles respiratoires
3543;Conduits alvéolaires
3544;Sacs alvéolaires
3545;Alvéoles pulmonaires
3546;Cavité thoracique (Appareil respiratoire)
3547;Cavité pleurale
3548;Plèvre
3549;Plèvre cervicale
3550;Plèvre pulmonaire
3551;Plèvre pariétale
3552;Plèvre médiastinale
3553;Plèvre péricardique
3554;Plèvre costale
3555;Plèvre diaphragmatique
3556;Récessus pleuraux
3557;Récesus costodiaphragmatique
3558;Récessus costomédiastinal
3559;Récessus lombodiaphragmatique
3560;Récessus médiastinodiaphragmatique gauche
3561;Ligament pulmonaire
3562;Médiastin
3563;Médiastin crânial
3564;Médiastin ventral
3565;Médiastin moyen
3566;Médiastin dorsal
3567;Médiastin caudal
3568;Ouvertures médiastinales (Car, eq)
3569;Cavité séreuse médiastinale
3570;[Bourse infracardiaque]
3571;Pli de la veine cave
3572;Récessus médiastinal
3573;Système urogénital
3574;Système urinaire
3575;Rein
3576;Bord latéral du rein
3577;Bord médial du rein
3578;Hile rénal
3579;Sinus du rein
3580;Surface ventrale du rein
3581;Surface dorsale du rein
3582;Extrémité crâniale
3583;Extrémité caudale
3584;Fascia rénal
3585;Capsule adipeuse
3586;Capsule fibreuse rénale
3587;Lobes rénaux
3588;Cortex rénal
3589;Lobules corticaux
3590;Partie convolutée
3591;Corpuscules rénaux
3592;Glomérula
3593;Partie radiée
3594;Médullaire rénale
3595;Pyramides rénales
3596;Base de la pyramide
3597;Papille rénale
3598;Conduits papillaires
3599;Crête rénale
3600;Area cribrosa
3601;Orifices des conduits papillaires
3602;Colonnes rénales
3603;Tubules rénaux
3604;Bassinet - pelvis rénal
3605;Récessus pelvien (or, Car, ov, cap)
3606;Grands calices rénaux (su,bo)
3607;Petits calices rénaux (su,bo)
3608;Ganglions rénaux pelviens (eq)
3609;Récessus terminal (eq)
3610;Vaisseaux sanguins rénaux
3611;Artère rénale
3612;Artères interlobaires
3613;Artères arquées
3614;Artérioles droites
3615;Artères interlobulaires
3616;Artères intralobulaires
3617;Artère glomérulaire afférente
3618;Filet capillaire glomérulaire
3619;Artériole glomérulaire efférente
3620;Rameaux capsulaires
3621;Veines interlobaires
3622;Veines arquées
3623;Veines interlobulaires
3624;Veines intralobulaires
3625;Veines étoilées
3626;Veinules droites
3627;Veines capsulaires (fe)
3628;Uretère
3629;Partie abdominale de l'uretère
3630;Partie pelvienne de l'uretère
3631;Adventice de l'urtère
3632;Musculeuse de l'uretère
3633;Muqueuse de l'uretère
3634;Ganglions urétéraux (eq)
3635;Vessie urinaire
3636;Apex de la vessie
3637;Corps de la vessie
3638;Col de la vessie
3639;Surface dorsale de la vessie
3640;Surface ventrale de la vessie
3641;Séreuse de la vessie
3642;Couche sous-séreuse de la vessie
3643;Tunique musculaire [muscle détrusor de la vessie]
3644;Muscle pubovésical
3645;Muscle recto-urétral
3646;Sous-muqueuse du muscle recto-uréthral
3647;Muqueuse des muscles recto-urétraux
3648;Trigone vésical
3649;Colonne urétérique
3650;Orifice uretèrique
3651;Pli urétéral
3652;Orifice urétéral interne
3653;Organes génitaux masculins
3654;Testicule
3655;Extrémité capitale
3656;Extrémité caudée
3657;Face latérale du testicule
3658;Face médiale du testicule
3659;Bord libre du testicule
3660;Bord épididymaire
3661;Albuginée du testicule
3662;Mediastinum testis
3663;Cloisons du testicule
3664;Lobules du testicule
3665;Parenchyme du testicule
3666;Tubes séminifères contournés
3667;Tubes séminifères droits
3668;Rete testis
3669;(Appendice du testicule)
3670;Epididyme
3671;Tête de l'épididyme
3672;Canalicules efférents du testicule
3673;Corps de l'épididyme
3674;Queue de l'épididyme
3675;Lobules épididymaires
3676;Conduit épididymaire
3677;(Ductules aberrants)
3678;(Appendice de l'épididyme)
3679;(Paradidyme)
3680;Canal déférent
3681;Ganglions de l' ampoule
3682;Adventice du canal déférent
3683;Séreuse du canal déférent
3684;Musculeuse du canal déférent
3685;Muqueuse du canal déférent
3686;Conduit éjaculateur (Ru, éq)
3687;Cordon spermatique
3688;Tuniques du cordon spermatique et du testicule
3689;Fascia spermatique externe
3690;Fascia crémastérien
3691;Fascia spermatique interne
3692;Tunique vaginale
3693;Couche pariétale de la tunique vaginale
3694;Couche viscérale de la tunique vaginale
3695;Anneau vaginal
3696;Canal vaginal
3697;Cavité vaginale
3698;Mésorchie
3699;Mésorchie proximal
3700;Mésofuniculus
3701;Mésorchium distal
3702;Mésépidyme
3703;Ligament propre du testicule
3704;Ligament de la queue de l'épididyme
3705;Ligament du scrotum
3706;Bourse testiculaire
3707;Processus vaginal du péritoine
3708;Glandes génitales accessoires
3709;Ampoule du conduit déférent
3710;Glande vésiculaire (Un)
3711;Tunique adventice de la glande vésiculaire
3712;Musculeuse de la glande vésiculaire
3713;Muqueuse de la glande vésiculaire
3714;Canal excréteur
3715;Prostate
3716;Surface ventrale de la prostate
3717;Surface dorsale de la prostate
3718;Corps de la prostate
3719;Partie disséminée de la prostate
3720;Lobe [droit et gauche]
3721;Isthme de la prostate
3722;Conduits prostatiques
3723;Substance musculaire
3724;Capsule prostatique
3725;Glande bulbo-urétrale
3726;Canal de la glande bulbo-uréthrale
3727;Parties génitales masculines externes
3728;Pénis
3729;Racine du pénis
3730;Pilier du pénis
3731;Corps du pénis
3732;Dos du pénis
3733;Sillon dorsal du pénis
3734;Face urétrale du pénis
3735;Sillon urétral
3736;Flexion sigmoïde du pénis (su, Ru)
3737;Partie libre du pénis
3738;Gland du pénis
3739;Processus dorsal du gland (eq)
3740;Partie longue du gland (ca)
3741;Bulbe du gland (ca)
3742;Couronne du gland
3743;Septum du gland
3744;Col du gland
3745;Fosse du gland (eq)
3746;Sinus urétral (eq)
3747;Prépuce
3748;Couche externe du prépuce
3749;Raphé du prépuce
3750;Ouverture préputatiale
3751;Cavité préputatiale
3752;Lame interne du prépuce
3753;Plis prépuciaux (eq)
3754;Anneau prépucial (eq)
3755;Diverticule préputial (su)
3756;Frein du prépuce
3757;Ganglions prépuciaux
3758;Lymphonoeuds prépuciaux
3759;Raphé du pénis
3760;Corps caverneux du pénis
3761;Os du pénis
3762;Corps spongieux du pénis
3763;Corps spongieux du gland
3764;Bulbe du pénis
3765;Tubercule spongieux
3766;Albuginée des corps caverneux
3767;Ligament apical du pénis (Ru)
3768;Albuginée du corps spongieux
3769;Septum du pénis
3770;Trabécules des corps caverneux
3771;Trabécules du corps spongieux
3772;Cavernes des corps caverneux
3773;Cavernes du corps spongieux
3774;Artère hélicines
3775;Veines caverneuses
3776;Fascia superficiel du pénis
3777;Fascia profond du pénis
3778;Urètre masculin
3779;Partie pelvienne
3780;Partie préprostatique
3781;Partie prostatique
3782;Crête urétrale
3783;Collicule séminal
3784;Ouverture éjaculatoire
3785;Utérus masculin
3786;Sinus prostatique
3787;Partie postprostatique
3788;Couche spongieuse
3789;Isthme de l'urètre
3790;Partie pénienne
3791;Récessus urétral (su, Ru)
3792;Fosse naviculaire de l'urètre (su, eq)
3793;Processus urétral
3794;Ouverture urètrale externe
3795;Lacunes urétrales
3796;Ganglions urétraux
3797;Scrotum
3798;Peau du scrotum
3799;Raphé du scrotum
3800;Tunique dartos
3801;Septum du scrotum
3802;Organes génitaux féminins
3803;Ovaire
3804;Hile de l'ovaire
3805;Face médiale de l'ovaire
3806;Face latérale de l'ovaire
3807;Bord libre de l'ovaire
3808;Fosse ovarique (eq)
3809;Bord mésovarique
3810;Extrémité de la trompe utérine
3811;Extrémité utérine
3812;Bord limitant du péritoine
3813;Épithélium superficiel
3814;Cortex ovarique [Zone parenchymateuse]
3815;Moelle ovarique [Zone vasculaire]
3816;Stroma ovarique
3817;Follicules ovariques primaires
3818;Follicules ovariques vésiculaires
3819;Corps jaune
3820;Corps albicans
3821;Ligament ovarique propre
3822;Epoophoron
3823;Conduit longitudinal de l'epoophoron
3824;Conduits transversaux
3825;Appendices vésiculaires
3826;Paroophoron
3827;Trompe utérine [Salpinx]
3828;Orifice abdominal de la trompe utérine
3829;Infundibulum de la trompe utérine
3830;Franges ovariques
3831;Franges de la trompe utérine
3832;Ampoule de la trompe utérine
3833;Isthme de la trompe utérine
3834;Partie utérine
3835;Ostium de la trompe utérine
3836;Séreuse de la trompe utérine
3837;Sous-séreuse de la trompe utérine
3838;Musculeuse de la trompe utérine
3839;Plis tubaires
3840;Utérus
3841;Utérus bicorne
3842;Corne de l'utérus [droite et gauche]
3843;Bord mésométrique
3844;Bord libre
3845;Ligament intercornual
3846;Ligament intercornual dorsal (bo)
3847;Ligament intercornual ventral (bo)
3848;Corps de l'utérus
3849;Bord de l'utérus [droit et gauche]
3850;Face dorsale
3851;Cavité utérine
3852;Face ventrale
3853;Voile de l'utérus
3854;Fond de l'utérus
3855;Cervix de l'utérus
3856;Partie prévaginale [du col de l'utérus]
3857;La partie vaginale [du col de l'utérus]
3858;Ouverture interne de l'utérus
3859;Ouverture externe de l'utérus
3860;Canal cervical utérin
3861;Plis longitudinaux
3862;Plis circulaires (Ru)
3863;Oreiller cervical (su)
3864;Ganglions cervicaux
3865;Paramètre
3866;Séreuse [Périmètrium]
3867;Sous-séreuse du paramétrium
3868;Musculeuse [Myomètre]
3869;Muqueuse [Endomètre]
3870;Caroncules
3871;Ganglions utérins
3872;Ligament rond de l'utérus
3873;Vagin
3874;Fornix vaginal
3875;Paroi ventrale
3876;Paroi dorsale
3877;Hymen
3878;Orifice vaginal
3879;(Conduit déférent vestigial)
3880;Séreuse du vagin
3881;Sous-séreuse du vagin
3882;Adventice du vagin
3883;Musculeuse du vagin
3884;Tunique muqueuse du vagin
3885;Rides du vagin
3886;Lymphonoeuds vaginaux
3887;Vestibule du vagin
3888;Bulbe du vestibule
3889;Partie intermédiaire du bulbe
3890;Petits ganglions vestibulaires
3891;Grands ganglions vestibulaires
3892;Diverticule sous-urétral (su, Ru)
3893;Tubercule urétral (ca)
3894;Parties externes des organes génitaux féminins
3895;Vulve [Pudendum femininum]
3896;Lèvre de la vulve
3897;Commissure ventrale des lèvres
3898;Commissure dorsale des lèvres
3899;Fissure pudendale [de la vulve]
3900;Clitoris
3901;Pilier du clitoris
3902;Corps du clitoris
3903;Gland du clitoris
3904;Sinus clitoridien
3905;Frein clitoridien
3906;Prépuce clitoridien
3907;Fosse du clitoris
3908;Corps caverneux du clitoris
3909;Septum des corps caverneux
3910;Corps spongieux de la glande (ca, eq)
3911;Fascia clitoridien
3912;Urètre féminin
3913;Adventice de l'urètre
3914;Musculeuse de l'urètre
3915;Muqueuse de l'urètre
3916;Couche spongieuse de l'urèthre
3917;(Canal para-urétral)
3918;(Ganglions para-urétraux)
3919;Périnée
3920;Raphé
3921;Muscles du périnée
3922;Diaphragme pelvien
3923;Muscle élévateur de l'anus
3924;Muscle iliocaudal (Car)
3925;Muscle pubocaudal (Car)
3926;(Arc tendineux du muscle élévateur de l'anus)
3927;Fascia pelvien diaphragmatique interne
3928;Fascia pelvien diaphragmatique externe
3929;Muscle sphincter anal externe
3930;Partie cutanée du sphincter anal externe
3931;Partie superficielle du sphincter anal externe
3932;Partie profonde du sphincter anal externe
3933;Fascia pelvien
3934;Fascia pelvien pariétal
3935;Fascia obturateur
3936;Arcade tendineuse du fascia pelvien
3937;Ligament pubovésical
3938;Fascia viscéral du bassin
3939;Fascia prostatique
3940;Septum rectovaginal
3941;Septum périnéal
3942;Centre tendineux périnéal
3943;Muscle urétral
3944;Muscle ischio-urétral
3945;Muscle bulboglandulaire
3946;Membrane du périnée
3947;Ligament périnéal transverse
3948;Muscle superficiel transverse du périnée
3949;Muscle ischiocaverneux
3950;Muscle bulbospongieux
3951;Muscle constricteur du vestibule
3952;Muscle constricteur de la vulve
3953;Muscle rétracteur du pénis
3954;Muscle rétracteur du clitoris
3955;Partie anale du muscle rétracteur du clitoris
3956;Partie rectale du muscle rétracteur du clitoris
3957;Partie pénienne du muscle rétracteur du pénis
3958;Partie clitoridienne du muscle rétracteur du clitoris
3959;Fascia superficiel du périnée
3960;Muscle cutané longitudinal du périnée
3961;Sphincter cutané des lèvres
3962;Fosse ischiorectale
3963;Corps adipeux de la fosse ischiorectale
3964;Canal pudendal
3965;Péritoine
3966;Péritoine pariétal
3967;Tunique séreuse du péritoine pariétal
3968;Sous-séreuse du péritoine pariétal
3969;Péritoine viscéral
3970;Tunique séreuse du péritoine viscéral
3971;Sous-séreuse du péritoine viscéral
3972;Cavité péritonéale
3973;Ouverture omentale [épiploïque]
3974;Bourse omentale
3975;Vestibule de la bourse omentale
3976;Récessus omental dorsal
3977;Accès à la cavité caudale
3978;Récessus omental caudal
3979;Récessus splénique
3980;Pli gastropancréatique
3981;Pli hépatopancréatique
3982;Récessus supra-omental (Ru)
3983;Omentum [Épiploon]
3984;Paroi superficielle
3985;Paroi profonde
3986;Ligament gastrophrénique
3987;Ligament gastrosplénique
3988;Ligament phrénicosplénique
3989;Ligament splénorénal
3990;Voile omental
3991;Mésoduodénum
3992;Mésentère
3993;Racine du mésentère
3994;Mésojéjunum
3995;Méso-ilium
3996;Mésocôlon
3997;Mésocôlon ascendant
3998;Mésocôlon transverse
3999;Mésocôlon descendant
4000;Mésocôlon sigmoïde
4001;Mésorectum
4002;Petit omentum
4003;Ligament hépatogastrique
4004;Ligament hépatoduodénal
4005;Ligament falciforme du foie
4006;Ligament coronaire du foie
4007;Ligament triangulaire droit
4008;Ligament triangulaire gauche
4009;Ligament hépatorénal
4010;Pli duodénocolique
4011;Récessus duodénal caudal
4012;Pli iléocecal
4013;Pli cecocolique (eq)
4014;Ligament médian de la vessie
4015;Ligament latéral de la vessie
4016;Triangle inguinal
4017;Fosse inguinale latérale
4018;Mésoductus déférent
4019;Pli génital
4020;Ligament large de l'utérus
4021;Mésometrium
4022;Mésosalpinx
4023;Mésovarium
4024;Mésovarium proximal
4025;Mésovarium distal
4026;Bourse ovarique
4027;Ligament suspenseur de l'ovaire
4028;Excavation rectogénitale
4029;Fosse pararectale
4030;Excavation vésicogénitale
4031;Excavation pubovésicale
4032;Espace rétropéritonéal
4033;Système endocrinien
4034;Glandes endocrines
4035;Glande thyroïde
4036;Lobe de la glande thyroïde [droit et gauche]
4037;Isthme glandulaire (Car-bo)
4038;Isthme fibreux (ov, cap, eq)
4039;Lobe pyramidal
4040;Capsule fibreuse
4041;Lobules
4042;Follicules
4043;Gland thyroïde accessoire
4044;Glande parathyroïdienne interne [IV]
4045;Glande parathyroïdienne externe [III]
4046;Hypophyse [Glande pituitaire]
4047;Adénohypophyse
4048;Partie tubéreuse
4049;Partie intermédiaire
4050;Partie distale
4051;(Partie pharyngée)
4052;Neurohypophyse
4053;Infundibulum pituitaire
4054;Racine hypophysaire
4055;Partie pituitaire creuse
4056;Partie pituitaire compacte
4057;Partie distale de la neurohypophyse
4058;Cavité de la glande pituitaire
4059;Glande surrénale
4060;Surface ventrale de la glande surrénale
4061;Surface dorsale de la glande surrénale
4062;Bord latérale de la glande surrénale
4063;Bord médial de la glande surrénale
4064;Hile de la glande surrénale
4065;Capsule de la glande surrénale
4066;Cortex de la glande surrénale
4067;Moelle de la glande surrénale
4068;(Ganglions surrénaux accessoires)
4069;Ilots pancréatiques
4070;Angiologie
4070;Termes généraux d'angiologie
4071;Vaisseau collatéral
4072;Vaisseau anastomotique
4073;Plexus vasculaire
4074;Rete mirabile
4075;Artère
4076;Anastomose artérioveineuse
4077;Arc artériel
4078;Arc veineux
4079;Plexus artériel
4080;Cercle vasculaire articulaire
4081;Veine
4082;Veine cutanée
4083;Veine satellite
4084;Veinule
4085;Valve veineuse
4086;Valvule veineuse
4087;Plexus veineux
4088;Réseau veineux
4089;Sinus veineux
4090;Veine émissaire
4091;Vaisseau capillaire
4092;Capillaire lymphatique
4093;Valve lymphatique
4094;Lymphonodus hemalis
4095;Citerne
4096;Tunique extérieur
4097;Tunique media
4098;Tunique intime
4099;Vaisseau vasculaire
4100;Sang
4101;Lymphe
4102;Péricarde
4103;Péricarde fibreux
4104;Ligaments sternopéricardiques
4105;Ligament sternopéricardique
4106;Ligament phrénicopéricardique
4107;Séreuse du péricarde
4108;Couche pariétale
4109;Couche viscérale [Epicarde]
4110;Cavité péricardique
4111;Sinus péricardique transverse
4112;Sinus péricardique oblique
4113;Coeur
4114;Base du coeur
4115;Face auriculaire
4116;Face atriale
4117;Bord ventriculaire droit
4118;Bord ventriculaire gauche
4119;Apex du coeur
4120;Incisure du coeur
4121;Sillon paraconal interventriculaire
4122;Sillon sous-sinus interventriculaire
4123;Sillon coronaire
4124;Ventricule du cœur
4125;Septum interventriculaire
4126;Partie musculaire
4127;Partie membraneuse
4128;Septum atrioventriculaire
4129;Atrium du cœur
4130;Auricule de l'atrium
4131;Septum interatrial
4132;Ouverture auriculoventriculaire [droite et gauche]
4133;Orifice du tronc pulmonaire
4134;Ostium aortique
4135;Trabécules
4136;Ouvertures des petites veines cardiaques
4137;Vortex du coeur
4138;Muscles papillaires
4139;Corde tendineuse
4140;Triangles fibreux
4141;Anneaux fibreux
4142;Cartilage du cœur
4143;Os du cœur
4144;Myocarde
4145;Lymphonoeud sinu-atrial
4146;Noeud atrioventriculaire
4147;Faisceau atrioventriculaire
4148;Tronc du faisceau auriculoventriculaire
4149;Jambe du faisceau auriculoventriculaire droite
4150;Jambe du faisceau auriculoventriculaire gauche
4151;Endocarde
4152;Atrium droit
4154;Sillon terminal
4155;Crête terminale
4156;Sinus des veines caves
4157;Fosse ovale
4158;Limbe de la fosse ovale
4159;Oreillette droite
4160;Orifice de la veine cave crâniale
4161;Ouverture de la veine cave caudale
4162;Tubercule interveineux
4163;Valvule de la veine cave caudale
4164;Ostium du sinus coronaire
4165;Valvule du sinus coronaire
4166;Ventricule droit
4167;Orifice atrioventriculaire droit
4168;Valve atrioventriculaire droite [Valve tricuspide]
4169;Point angulaire
4170;Cuspide pariétale
4171;Cuspide septale
4172;Crête supravalvulaire de l'aorte
4173;Cône artériel
4174;Valve pulmonaire
4175;Valve semilunaire intermédiaire
4176;Valve semilunaire droite
4177;Valve semilunaire gauche
4178;Nodules des valvules semilunaires
4179;Lunules des valvules semilunaires
4180;Grand muscle papillaire
4181;Petits muscles papillaires
4182;Muscle papillaire sous-artériel
4183;Trabécule septomarginale droite
4184;Atrium gauche
4185;Oreillette gauche
4186;Valvule du foramen ovale
4187;Orifices des veines pulmonaires
4188;Ventricule gauche
4189;Orifice atrioventriculaire gauche
4190;Valve atrioventriculaire gauche [Valve mitrale]
4191;[Valve bicuspide, mitrale]
4192;Valve septale semilunaire
4193;Muscle papillaire sous-auriculaire
4194;Muscle papillaire sous-atrial
4195;Trabécule septomarginale gauche
4196;Artères
4197;Tronc pulmonaire
4198;Sinus du tronc pulmonaire
4199;Artère pulmonaire droite
4200;Branche des lobes crâniaux de l'artère pulmonaire droite
4201;Branche ascendante de l'artère pulmonaire droite
4202;Branche descendante de l'artère pulmonaire droite
4203;Branche des lobes moyens de l'artère pulmonaire droite
4204;Branche des lobes caudaux de l'artère pulmonaire droite
4205;Lobes accessoires de l'artère pulmonaire droite
4206;Artère pulmonaire gauche
4207;Branche du lobe crânial de l'artère pulmonaire gauche
4208;Branche ascendante de l'artère pulmonaire gauche
4209;Branche descendante de l'artère pulmonaire gauche
4210;Branche du lobe caudal de l'artère pulmonaire gauche
4211;Ligament artériel
4212;Aorte
4213;Aorte ascendante
4214;Bulbe aortique
4215;Sinus aortique
4216;Artère coronaire droite
4217;Branche interventric. subsinusale de l'a. coronaire droite
4218;Branches septales de l'artère coronaire droite
4219;Artère coronaire gauche
4220;Branche interventriculaire paraconale
4221;Branches septales de l'artère coronaire gauche
4222;Branche circonflexe
4223;Branche intermédiaire [marginale ventriculaire gauche]
4224;Branche interventriculaire sous-sinusale
4225;Branches septales
4226;Arc aortique
4227;Corps para-aortique
4228;Tronc brachiocéphalique
4229;Tronc bicarotidien
4230;Artère carotide commune
4230;Artère carotide externe
4231;Artère thyroïdienne caudale
4232;Artère thyroïdienne crâniale
4233;Branche cricothyroïdienne
4234;Artère pharyngienne ascendante
4235;Branches palatines
4236;Branche parotide
4237;Branche sternocleidomastoïdienne
4238;Artères auriculaires rostrales
4239;Artère supratrochléaire
4240;Branche frontale
4241;Artères nasales latérales
4242;Branches périhyoïdiennes
4243;Artère sublinguale
4244;Artère sous-mentale (ov, cap)
4245;Artère linguale profonde
4246;Branches dorsales de la langue
4247;Artère faciale (bo)
4248;Branche glandulaire
4249;Artère submentale
4250;Artères labiales inférieures
4251;Artère labiale supérieure
4252;Artère angulaire de la bouche
4253;Branche nasale rostrale latérale
4254;Branche anastomotique avec l'artère infra-orbitaire
4255;Branche angulaire de l'oeil
4256;Branche méningée (ov, cap)
4257;Branche sternocleidomastoïdienne (cap)
4258;Branche auriculaire latérale
4259;Branche auriculaire intermédiaire (ov, cap)
4260;Branche auriculaire intermédiaire latérale (bo)
4261;Branche auriculaire intermédiaire médiale (bo)
4262;Branche occipitale
4263;Artère auriculaire profonde
4264;Branche massétérique (bo)
4265;Artère temporale superficielle
4266;Artère auriculaire rostrale (ov, cap)
4267;Branche auriculaire médiale
4268;Artère faciale transverse
4269;Branche articulaire du nerf temporomandibulaire (bo)
4270;Branche massétérique (ov, cap)
4271;Artère labiale inférieure (ov, cap)
4272;Artère labiale supérieure (ov, cap)
4273;Artère auriculaire rostrale (bo)
4274;Branche meningée
4275;Artère cornuale
4276;Branche lacrymale (bo, ov)
4277;Artère nasale dorsale (cap)
4278;Branche ptérygoïdienne
4279;Branche mylohyoïdienne
4280;Artère temporale profonde (ov, cap)
4281;Artère temporale caudale profonde (bo)
4282;Artère massétérique
4283;Artère temporale rostrale profonde (bo)
4284;Branche caudale de la rete mirabile épidurale rostrale
4285;Branches rostrales de la rete mirabile épidurale rostrale
4286;Rete mirabile ophtalmique
4287;Artères conjonctivales antérieures
4288;Branche anastomotique avec l'artère ophtalmique interne
4289;Branches musculaires de l'artère lacrymale
4290;Artère palpébrale médiale supérieure (ov, cap)
4291;Artère angulaire de l'œil (bo)
4292;Artère nasale caudale latérale
4293;Artère nasale dorsale (bo, ov)
4294;Branches dentaires des artères infra-orbitaires
4295;Artères nasale latérale rostrale
4296;Tronc linguofacial
4297;Artère palatine ascendante
4298;Artère linguale
4299;Artère faciale
4300;Artère labiale inférieure
4301;Artère nasale latérale
4302;Artère dorsale du nez
4303;Artère angulaire de l'oeil
4304;Branche massétérique
4305;Artère auriculaire caudale
4306;Branche auriculaire intermédiaire
4307;Artère tympanique caudale
4308;Branche articulaire temporomandibulaire
4309;Artère auriculaire rostrale
4310;Artère maxillaire
4311;Artère alvéolaire inférieure
4312;Branches dentaires de l'artère alvéolaire inférieure
4313;Artère mentale
4314;Branches ptérygoïdes
4315;Artère tympanique rostrale
4316;Artère méningée moyenne
4317;Artère temporale caudale profonde
4318;Artère temporale rostrale profonde
4319;Artère ophtalmique externe
4320;Artère centrale de la rétine
4321;Artères ciliaires postérieures longues
4322;Artères ciliaires postérieures courtes
4323;Branches musculaires
4324;Artères ciliaires antérieures
4325;Artères épisclérales
4326;Artères conjonctivales postérieures
4327;Artère supra-orbitaire
4328;Artère lacrymale
4329;Artère palpébrale latérale supérieure
4330;Artère palpébrale inférieure latérale
4331;Artère ethmoïdale externe
4332;Artère méningée rostrale
4333;Artère palpébrale tertiaire
4334;Artère buccale
4335;Artère infra-orbitaire
4336;Artère malaire
4337;Artère palpébrale supérieure médiale
4338;Artère palpébrale inférieure médiale
4339;Branches dentaires
4340;Artère palatine descendante
4341;Petite artère palatine
4342;Artère grande palatine
4343;Artère sphénopalatine
4344;Artères nasales caudales, latérales et septales
4345;Artère carotide interne
4346;Corpuscule carotidien
4347;Sinus carotidien
4348;Artère caroticobasilaire (eq)
4349;Artère intercarotique caudale (Car, eq)
4350;Artère intercarotique rostrale (Car)
4351;Artère stylomastoïdienne
4352;Rete mirabile péridural caudal
4353;Branche du rete mirabile epidural rostral
4354;Artère occipitale
4355;Artère palatine ascendante (bo)
4356;Artère stylomastoïdienne profonde (bo)
4357;Artère condylaire
4358;Branche occipitale de l'artère condylaire
4359;Artère méningée caudale
4360;Rete mirabile épidural rostral
4361;Réseau chiasmatique (bo)
4362;Artère ophtalmique interne
4364;Artères cérébrales
4365;Cercle artériel du cerveau
4366;Artère choroïdienne rostrale
4367;Artère cérébrale rostrale
4368;Artère méningée rostrale (fe)
4369;Artère ethmoïdale interne
4370;Artère communicante rostrale
4371;Branches corticales de l'artère communiquante rostrale
4372;Branches centrales de l'artère communiquante rostrale
4373;Artère cérébrale moyenne
4374;Branches corticales de l'artère cérébrale moyenne
4375;Branches centrales de l'artère cérébrale moyenne
4376;Branches striées de l'artère cérébrale moyenne
4377;Artère communicante caudale
4378;Artère caudale du cerveau
4379;Branches choroïdiennes caudales
4380;Branches corticales
4381;Branches centrales
4382;Artère cérébelleuse rostrale
4383;Artère subclavière
4384;Artère intercostale dorsale
4385;Artère vertébrale thoracique (ca)
4386;Artères intercostales dorsales II et III
4387;Branches dorsales
4388;Branche épineuse
4389;Artère intercostale suprême (fe)
4390;Artère intercostale dorsale droite
4391;Rameaux spinaux
4392;Artère spinale dorsale
4393;Artère spinale ventrale
4394;Branche anastomotique avec l'artère occipitale
4395;Rameau descendant
4396;Artère basilaire
4397;Artère cérébelleuse caudale
4398;Artère labyrinthique
4399;Branches du pont
4400;Artère intercostale dorsale II
4401;Artère intercostale dorsale I gauche
4402;Artères intercostales dorsales III-V
4403;Branche dorsale des artères intercostales dorsales III-V
4404;Branche spinale des artères intercostales dorsales III-V
4405;Artères intercostales dorsales I et II (III)
4406;Branche dorsale des a. intercostales dorsales I et II (III)
4407;Branche spinale des a. intercostales dorsales I et II (III)
4408;Branche descendante de l'artère labyrinthique
4409;Artère cervicale superficielle
4410;Branche ascendante
4411;Branche préscapulaire
4412;Artère suprascapulaire (oc, cap)
4413;Branche acromiale de l'artère suprascapulaire
4414;Branche suprascapulaire (bo)
4415;Branche acromiale
4416;Artère thoracique interne
4417;Artère péricardiacophrénique
4418;Branches thymiques de l'artère péricardiacophrénique
4419;Branches médiastinales de l'artère péricardiacophrénique
4420;Branches perforantes de l'artère péricardiacophrénique
4421;Branches sternales de l'artère péricardiacophrénique
4422;Br. intercostales ventrales de l' a. péricardiacophrénique
4423;Br. intercostales ventrales de l' a. musculophrénique
4424;Rameau phrénique
4425;Artère épigastrique crâniale
4426;Artère épigastrique crâniale superficielle
4427;Branche costo-abdominale ventrale
4428;Tronc costocervical
4429;Artère intercostale suprême
4430;Artères intercostales dorsales II-V
4431;Branche dorsale des artères intercostales dorsales II-V
4432;Branches musculaires des artères intercostales dorsales II-V
4433;Artère dorsale de la scapula
4434;Artère cervicale profonde
4435;Artères intercostales dorsales I
4436;Artère vertébrale
4437;Branches spinales de l'artère vertébrale
4438;Artères cérébrales caudales
4439;Branches de pont de l'artère labyrinthique
4440;Branches thymiques
4441;Branches médiastinales
4442;Branches perforantes
4443;Branches sternales
4444;Artères intercostales ventrales
4445;Artère musculophrénique
4446;Artère axillaire
4447;Branche deltoidienne (ca)
4448;Branches mammaire latérales de l'artère thoracique latérale
4449;Artère nourricière humérale (ca)
4450;Artère dorsale superficielle
4451;Artères digitales dorsales communes I-IV
4452;Artère brachiale superficielle
4453;Artères radiales superficielles
4454;Branche médiale
4455;Artère digitale dorsale commune I
4456;Branche latérale
4457;Artères digitales dorsales communes II-IV
4458;Artère ulnaire
4459;Artère récurrente ulnaire
4460;Branche dorsale
4461;Branche carpienne dorsale
4462;Artère digitale dorsale abaxiale du V
4463;Artère digitale dorsale abaxiale du I
4464;Réseau carpien dorsal
4465;Artères métacarpiennes dorsales I-IV
4466;Branche palmaire superficielle
4467;Arcade palmaire profonde
4468;Artères métacarpiennes palmaires I-IV
4469;Branche perforante proximale
4470;Branche perforante distale
4471;Arcade palmaire superficielle
4472;Artère digitales palmaires communes I-IV
4473;Branche du coussinet métacarpien
4474;Artère interdigitale
4475;Artères digitales palmaires propres
4476;Branches palmaire de la phalange proximale
4477;(Artère dorsale de la phalange proximale)
4478;Branche du coussinet digital
4479;Branche palmaire de la phalange moyenne
4480;(Branche dorsale de la phalange moyenne)
4481;Artère coronale
4482;Artère palmaire de la phalange distale
4483;Arcade terminale
4484;Branche deltoïde
4485;Artère thoracique externe
4486;Artère thoracique latérale
4487;Branches mammaires
4488;Artère subscapulaire
4489;Artère thoracodorsale
4490;Artère circonflexe caudale de l'humérus
4491;Artère suprascapulaire
4492;Artère circonflexe crâniale de l'humérus
4493;Artère collatérale radiale
4494;Artère nourricière de l'humérus
4495;Artère collatérale moyenne
4496;Artère antébrachiale superficielle crâniale
4497;Artère digitale dorsale commune III
4498;Artères digitales dorsales propres
4499;Artère circonflexe de la scapula
4500;Artère brachiale
4501;Artère brachiale profonde
4502;Artère bicipitale
4503;Artère collatérale ulnaire
4504;Réseau articulaire du coude
4505;Artère transverse du coude
4506;Artère profonde de l'avant-bras
4507;Artère interosseuse commune
4508;Artère interosseuse crâniale
4509;Artère interosseuse récurrente
4510;Artère interosseuse caudale
4511;Branche interosseuse de l'artère interosseuse caudale
4512;Branche carpienne dorsale de l'artère interosseuse caudale
4513;Branche carpienne palmaire de l'artère interosseuse caudale
4514;Branche palmaire
4515;Branche superficielle
4516;Branche profonde
4517;Artère médiane
4518;Artère radiale
4519;Branche carpienne palmaire
4520;Branche carpienne dorsale de l'artère radiale
4521;Réseau carpien dorsal de l'artère radiale
4522;Artères métacarpiennes dorsales II et IV
4523;Artère métacarpienne dorsale III
4524;Artères métacarpiennes palmaires II-IV
4525;Branche perforante distale III
4526;Branche ulnaire
4527;Artères digitales palmaires communes II-IV
4528;Artères digitales palmaires propres de la main
4529;Artère interdigitale de la main
4530;Branche dorsale de la phalange proximale de la main
4531;Branche palmaire de la phalange proximale de la main
4532;Branche du coussinet digital de la main
4533;Branche dorsale de la phalange moyenne de la main
4534;Artère coronale de la main
4535;Branche palmaire de la phalange moyenne de la main
4536;Branche palmaire de la phalange distale de la main
4537;Branche dorsale de la phalange distale de la main
4538;Arc terminal de la main
4539;Branche deltoïde (bo)
4540;Artère suprascapulaire (bo)
4541;Artères digitales dorsales communes II et III
4542;Artère digitale dorsale commune du IV
4543;Branche perforante proximal du III
4544;Artère digitale palmaire commune du II
4545;Artère digitale palmaire axiale propre du II
4546;Artère digitale palmaire abaxiale propre du III
4547;Artère digitale palmaire commune du III
4548;Artères digitales palmaires axiales propres des III et IV
4549;Artère digitale palmaire commune IV
4550;Artère digitale palmaire abaxiale propre du IV
4551;Artère digitale palmaire axiale propre du V
4552;Branches carpiennes dorsales
4553;Artère radiale proximale
4554;Branche carpienne dorsale de l'artère radiale proximale
4555;Artères métacarpiennes dorsales II et III
4556;Br. carpienne palmaire des a. métacarpiennes dors. II et III
4557;Artère radiale des artères métacarpiennes dorsales II et III
4558;Br. carpienne dorsale des a. métacarpiennes dors. II et III
4559;Branche anastomotique avec a. métacarpien dorsale du II
4560;Artères métacarpiennes palmaires II et III
4561;Branche anastomotique avec a. métacarpienne dorsale du III
4562;(Arcade palmaire superficielle)
4563;Artère digitale médiale [palmaire propre du III]
4564;Artère du bord solaire
4565;Artère digitale latérale [palmaire propre du III]
4566;Aorte descendante
4567;Aorte thoracique
4568;Artère broncho-œsophagienne
4569;Branche bronchique de l'artère broncho-œsophagienne
4570;Branche œsophagienne de l'artère broncho-œsophagienne
4571;Branches œsophagiennes de l'artère broncho-œsophagienne
4572;Branches péricardiques de l'artère broncho-œsophagienne
4573;Branches médiastinales de l'artère broncho-œsophagienne
4574;Artère phrénique crâniale (eq)
4575;Artères intercostales dorsales
4576;Br. cutanée médiale des a. intercostales dorsales II-V
4577;Branche collatérale (Car, su)
4578;Branches latérales des artères intercostales dorsales II-V
4579;Branches mammaires des artères intercostales dorsales II-V
4580;Branches phréniques des artères intercostales dorsales II-V
4581;Artère costo-abdominale dorsale
4582;Branche dorsale de l'artère costo-abdominale dorsale
4583;Branche spinale de l'artère costo-abdominale dorsale
4584;Branche cutanée médiale de l'artère costo-abdominale dorsale
4585;Branches cutanées latérales
4586;Aorte abdominale
4587;Artère phrénique caudale
4588;Branches surrénaliennes crâniales
4589;Artère abdominale crâniale
4590;Artères lombaires
4591;Branches phréniques (su, Ru)
4592;Branches surrénales (ca, Ru)
4593;Branche spinales des artères lombaires
4594;Branche dorsale des artères lombaires
4595;Branche cutanée médiale
4596;Branche cutanée latérale
4597;Artère circonflexe iliaque profonde
4598;Branches crâniales
4599;Branches caudales
4600;Artère sacrale médiane (Car, su, Ru)
4601;Artère lombaire VI (VII) (su, ov, cap)
4602;Branches sacrées
4603;Branches spinales des artère lombaires
4604;Branche dorsale de l'artère lombaire
4605;Artère sacrale latérale (fe)
4606;(Artère sacrale latérale) (ca)
4607;(Artère sacrale médiane) (eq)
4608;Artère caudale médiane
4609;Branches caudales de l'artère caudale mediane
4610;Artère caudale ventrolatérale
4611;Artère caudale dorsolatérale
4612;Corps caudaux
4613;Artère coeliaque
4614;(Artère phrénique caudale) (fe)
4615;Artère du diverticule
4616;Branche pancréatique
4617;Branche gastrosplénique
4618;Artères phréniques caudales
4619;Artère réticulaire accessoire
4620;Branche droite de l'artère hépatique
4621;Artère du lobe caudé
4622;Artère cystique
4623;Branche gauche de l'artère cystique
4624;Artère ruminale gauche
4625;Artère réticulaire
4626;Branches phréniques
4627;Branche épiploique
4628;Artère ruminale droite
4629;Artère gastrique gauche
4630;Branche viscérale
4631;Branche pariétale
4632;Artère hépatique
4633;Branches pancréatiques de l'artère hépatique
4634;Artère gastrique droite
4635;Artère gastroduodénale
4636;Artèree pancréatique crâniale
4637;Artère gastro-épiploïque droite
4638;Branche droite de l'artère gastro-épiploïque droite
4639;Branche gauche de l'artère gastro-épiploïque droite
4640;Artère splénique
4641;Branches pancréatiques de l'artère splénique
4642;Artères gastriques courtes
4643;Artère gastro-épiploïque gauche
4644;Artère mésentérique crâniale
4645;Branches pancréatiques (Ru)
4646;Artère pancréaticoduodénale caudale
4647;Artères jéjunales
4648;Branches coliques droites (ov, cap)
4649;Branche collatérale (bo)
4650;Artères iléales
4651;Artère iléocolique
4652;Branche iléale mésentérique
4653;Artère caecalis (Car, su, Ru)
4654;Branche antimésentérique iléale (Car, Ru)
4655;Artère caecale médiale (eq)
4656;Artère caecale latérale (eq)
4657;Branche colique
4658;Branches coliques
4659;Artères coliques droites
4660;Artère colique droite
4661;Artère colique moyenne
4662;Artère mésentérique caudale
4663;Artère colique gauche
4664;Artères sigmoïdiennes
4665;Artère rectale crâniale
4666;Artère surrénale moyenne (Car)
4667;Artères surrénales moyennes (su)
4668;Branches surrénales caudales
4669;Branche urétérale
4670;Artère testiculaire
4671;Branches de l'épididyme
4672;Branches du canal déférent
4673;Artère ovarique
4674;Branche tubaire de l'artère ovarique
4675;Branche utérine
4676;Artère iliaque interne
4677;Artère ombilicale
4678;Artère vésicale crâniale (fe)
4679;(Artère vésicale crâniale) (ca)
4680;Ligament rond de la vessie
4681;Artère glutéale crâniale (fe)
4682;Artère obturatrice
4683;Artère iliolombaire
4684;Artère glutéale caudale
4685;Artère iliolombaire (ca)
4686;Artère glutéale crâniale (ca)
4687;Artère satelitte du nerf sciatique
4688;Artère caudale latérale
4689;Artère périnéale dorsale
4690;Artère pudendale interne
4691;Artère du conduit déférent
4692;Artère utérine
4693;Artère urétrale
4694;Branche scrotale dorsale
4695;Branche labiale dorsale de l'artère rectale caudale
4696;Branche urétérique de l'artère du canal déférent
4697;Branche urétérique de l'artère utérine
4698;Branche utérine de l'artère vaginale
4699;Branche urétérique de l'artère vésicale caudale
4700;Branche urétrale de l'artère vésicale caudale
4701;Branches scrotales dorsales
4702;Branches labiales dorsales
4703;Artère lombaire VI (bo)
4704;Branches sacrales I et II (bo)
4705;Branche de l'artère prostatique pour le canal déférent
4706;Branche urétérique de l'artère vésiculaire caudale
4707;Branche urétrale de l'artère vésiculaire caudale
4708;Artère urétrale (bo)
4709;Artère vestibulaire (bo)
4710;Branche labiale dorsale et mammaire
4711;Artère urétrale (ov, cap)
4712;Artère clitoridienne
4713;Artère du bulbe du vestibule (ov, calotte)
4714;Artères lombaires V et VI
4715;Artère glutéale crâniale
4716;Artère iliacofémorale
4717;Branche ascendante de l'artère iliofémorale
4718;Artère moyenne du pénis
4719;Artère moyenne du clitoris
4720;Artère profonde du clitoris
4721;Artère dorsale du clitoris
4722;Branches sacrées de l'artère clitoridienne dorsale
4723;Branche spinale de l'artère clitoridienne dorsale
4724;Branche dorsale de l'artère clitoridienne dorsale
4725;Branches caudales de l'artère clitoridienne ventrolatérale
4726;Artères vésicales crâniales
4727;Artère prostatique
4728;Branche du canal déférent
4729;Artère vésicale caudale
4730;Branche urétrale
4731;Artère rectale moyenne
4732;Artère vaginale
4733;Branche vestibulaire
4734;Artère périnéale ventrale
4735;Artère rectale caudale
4736;Branche labiale dorsale
4737;Artère du pénis
4738;Artère du bulbe du pénis
4739;Artère profonde du pénis
4740;Artère dorsale du pénis
4741;Artère du bulbe du vestibule
4742;Artère iliaque externe
4743;Branche crâniale de l'artère iliaque circonflexe profonde
4744;Branche caudale de l'artère iliaque circonflexe profonde
4745;Artère crémasterique (eq)
4746;Artère utérine (eq)
4747;Artère fémorale profonde
4748;Tronc pudendo-épigastrique
4749;Artère abdominale caudale (bo, ov)
4750;Artère crémasterique (bo, cap)
4751;Artère épigastrique caudale
4752;Artère vésicale moyenne (su)
4753;Artère crémasterique (ov)
4754;Artère vésicale moyenne (Car)
4755;Artère crémasterique (Car, su)
4756;Artère du ligament rond de l'utérus (Car)
4757;Organes génitaux externes
4758;Branche scrotale ventrale
4759;Branche labiale ventrale [Artère mammaire caudale (Ru, eq)]
4760;Artère crâniale du pénis (eq)
4761;Artère épigastrique caudale superficielle
4762;[Artère mammaire crâniale (Ru, éq)]
4763;Branches pépuciales
4764;Artère circonflexe fémorale médiale
4765;Branche obturatrice de l'artère circonflexe fémorale médiale
4766;Branche profonde de l'artère circonflexe médiale de la cuisse
4767;Branche ascendante de l'artère circonflexe méd. de la cuisse
4768;Branche transverse de l'artère circonflexe fémorale médiale
4769;Branche acétabulaire
4770;Artère abdominale caudale (Car)
4771;Artère fémorale
4772;Artère circonflexe superficielle iliaque (ca)
4773;Artère circonflexe fémorale latérale
4774;Rameau ascendant de l'artère circonflexe fémorale latérale
4775;Rameau descendant de l'artère circonflexe fémorale latérale
4776;Branche transverse de l'artère circonflexe fémorale latérale
4777;Artère fémorale caudale proximale
4778;Artère saphène
4779;Branche articulaire du genou
4780;Branche crâniale de l'artère saphène
4781;Artère digitale dorsale abaxiale II (fe)
4782;Artères digitales dorsales communes II-IV (fe), I-IV (ca)
4783;Artère digitale dorsale abaxiale V (fe)
4784;Branche caudale de l'artère digitale dorsale abaxiale V (fe)
4785;Branches calcanéennes de l'artère dorsale abaxale V (fe)
4786;Réseau calcanéen de l'artère digitale dorsale abaxiale (fe)
4787;Branche profonde (ca)
4788;Br. superficielle de l'a. digitale dorsale abaxiale V (fe)
4789;Artères digitales plantaires communes II-IV
4790;Branche du coussinet métatarsien
4791;Artères digitales plantaires propres
4792;Artères métatarsiennes plantaires II-IV
4793;Br. perforante distale des a. métatarsiennes plantaires II-IV
4794;Artère fémorale caudale médiale
4795;Artère fémorale caudale distale
4796;Artère poplitée
4797;Artère latérale proximale du genou
4798;Artère médiale proximale du genou
4799;Artère moyenne du genou
4800;Artères surales
4801;Artère latérale distale du genou
4802;Artère médiale distale du genou
4803;Réseau articulaire du genou
4804;Réseau patellaire
4805;Artère récurrente tibiale caudale
4806;Artère tibiale crâniale
4807;Artère récurrente tibiale crâniale
4808;Artère nourricière du tibia et de la fibula
4809;Br. sup. de l'artère nourricière du tibia et de la fibula
4810;Artère digitale dorsale abaxiale V (ca)
4811;Branche interosseuse de l'a. digitale dorsale abaxiale V (ca)
4812;Branches malléolaires
4813;Artère arquée
4814;Artères métatarsiennes dorsales II-IV
4815;Branche proximale perforante II
4816;Branches perforantes proximales II-IV
4817;Artères métatarsiennes dorsales II et IV
4818;Branche superficielle des artères digitales dorsales propres
4819;Artères fémorales caudales
4820;Artère nourricière de la fibula
4821;Artère perforante proximale du tarse
4822;Artère tarsienne médiale
4823;Artère tarsienne distale perforante
4824;Branche circonflexe de la fibula
4828;Artère digitale plantaire commune du II
4829;Artère digitale plantaire axiale propre du II
4830;Artère digitale plantaire abaxiale propre du III
4831;Branche dorsale de la phalange proximale
4832;Branche dorsale de la phalange moyenne
4833;Branche plantaire de la phalange distale
4834;Branche dorsale de la phalange distale
4835;Artère plantaire commune du III
4836;Branches plantaires des phalanges proximales
4837;Branches dorsales des phalanges proximales
4838;Artères digitales plantaires axiales propres des III et IV
4839;Branche perforante proximale du III (bo)
4840;Branche superficielle [A. digitale plantaire commune du IV]
4841;Artère digitale plantaire abaxiale propre du IV
4842;Artère digitale plantaire axiale propre du V
4843;Artère récurrente tibiale crâniale (bo)
4844;Artère interosseuse de la jambe
4845;Branche perforante
4846;Branche anastomotique avec l'artère tibiale caudale
4847;Branches malléolaires médiales
4848;Branches malléolaires latérales
4849;Artère nourricière du tibia
4850;Artère malléolaire crâniale latérale
4851;Artère malléolaire crâniale médiale
4852;Br. superficielle de l'artère malléolaire crâniale médiale
4853;Artère digitale dorsale commune III (ov, cap), II-IV (bo)
4854;Artère dorsale du pied
4855;Artère tarsienne latérale
4856;Artère tarsienne perforante
4857;Artère métatarsienne dorsale du III
4858;Artère tibiale caudale
4859;Branches malléolaires médiales (bo)
4860;Artère plantaire médiale
4861;Branche profonde de l'artère plantaire médiale
4862;Br. superficielle [Artère digitale plantaire commune du II]
4863;Artère plantaire latérale
4864;Arcade plantaire profonde
4865;Artères métatarsiennes plantaires du II et III
4866;Branche perforante distale du II
4867;Branche superficielle [A. digitale plantaire commune du III]
4868;Artère descendante du genou
4869;Artère nourricière du fémur
4870;Artère fémorale caudale
4871;Artère digitale médiale [plantaire propre du III]
4872;Branche dorsale de la phalange proximale du pied
4873;Branche dorsale de la phalange moyenne du pied
4874;Artère digitale latérale [plantaire propre du III]
4875;Branche plantaire de la phalange proximale
4876;Branche plantaire de la phalange moyenne
4877;Artère malléolaire caudale latérale
4878;Branches calcanéennes
4879;Réseau calcanéen
4880;Branche anastomotique avec l'artère saphène
4881;Veines
4882;Veines pulmonaires
4883;Veine pulmonaire du lobe crânial droit
4884;Veine pulmonaire du lobe moyen
4885;Veine pulmonaire du lobe caudal droit
4886;Branche du lobe acessoire
4887;Veine pulmonaire du lobe crânial gauche
4888;Veine pulmonaire du lobe caudal gauche
4889;Veines coronaires
4890;Sinus coronaire
4891;Veine coronaire moyenne
4892;Grande veine coronaire
4893;Branche intermédiaire [Veine marginale venriculaire gauche]
4894;Veine oblique de l'oreillette gauche (Car, eq)
4895;Veines coronaires droites
4896;Petites veines coronaires
4897;Veine azygos gauche
4898;Veines œsophagiennes
4899;Veines bronchiques
4900;(Veine hémiazygos droite) (su, Ru)
4901;Veines intercostales dorsales
4902;Plexus vertébral externe ventral
4903;Plexus vertébral externe dorsal
4904;Plexus vertébral interne ventral
4905;Branches interarcales
4906;Rameaux spinaux du plexus vertébral interne ventral
4907;Veines spinales
4908;Veines basivertébrales
4909;Veine costo-abdominale dorsale
4910;Veines lombaires I et II
4911;Branche dorsale des veines lombaires I et II
4912;Veine cave crâniale
4913;Veine azygos droite
4914;Veine broncho-œsophagienne (ca, eq)
4915;(Veine hémi-azygos gauche) (ca, eq)
4916;Branche dorsale de la veine costo-abdominale dorsale
4917;Veines lombaires I et II (III)
4918;Branche dorsale des veines lombaires I et II (III)
4919;Veine broncho-œsophagienne (fe)
4920;Veine costocervicale
4921;Branche anastomotique avec la veine jugulaire interne
4922;Veine vertébrale thoracique
4923;Veines intercostales dorsales III et IV
4924;Branches dorsales des veines intercostales dorsales III et IV
4925;Branche dorsale de la veine intercostale dorsale II
4926;Veines intercostales dorsales III et IV (V)
4927;Branche dorsale des v. intercostales dorsales III et IV (V)
4928;Veine intercostale dorsale II
4929;Branche dorsale des veines intercostales dorsales
4930;Branche descendante des veines intervertébrales
4931;Veine cervicale profonde
4932;Veine intercostale dorsale I
4933;Veine intercostale suprême
4934;Veines intercostales dorsales II-VI (gauche), II-IV (droite)
4935;Veine scapulaire dorsale
4936;Veine vertébrale
4937;Veines intervertébrales
4938;Branche anastomotique avec la veine occipitale
4939;Veine thoracique interne
4940;Veine péricardophrénique
4941;Veines thymiques
4942;Veines médiastinales
4943;Veines perforantes
4944;Veine musculophrénique
4945;Veines intercostales ventrales
4946;Veine épigastrique crâniale
4947;[Veine sous-cutanée de l'abdomen] (Car, su, Ru)
4948;Branche phrénique (Ru)
4949;Veine brachiocéphalique
4950;Veine thyroïdienne caudale
4951;Veine costocervicale gauche (Car)
4952;Veine jugulaire interne
4953;Veine thyroïdienne moyenne
4954;Veine thyroïdienne crâniale
4955;Veine cricothyroïdienne
4956;Branche caudale du larynx
4957;Arc laryngé caudal (Car)
4958;Veine laryngée crâniale (bo)
4959;Veine occipitale (fe, su, Ru)
4960;Veine pharyngée ascendante (bo)
4961;Veine stylomastoïdienne (su)
4962;Branche occipitale de la veine stylomastoidienne (su)
4963;Veine satellite de l'artère carotide externe (Car, su)
4964;Veine laryngée crâniale (su)
4965;Veine pharyngée
4966;Veine satellite de l'artère linguale
4967;Veine palatine (fe, su)
4968;Veine jugulaire externe
4969;Veine cervicale superficielle
4970;Branche ascendante de la veine cervicale superficielle
4971;Branche auriculaire (su)
4972;Veine suprascapulaire (Car)
4973;Branche suprascapulaire (Ru)
4974;Branche acromiale de la veine suprascapulaire (Car)
4975;Branche acromiale de la veine suprascapulaire (Car, su)
4976;Branche préscapulaire de la veine suprascapulaire
4977;Veine céphalique
4978;Veine médiane du coude
4979;Veine céphalique accessoire
4980;Branche carpienne dorsale (Car)
4981;Veines digitales dorsales communes I-IV (Car), II-IV (su)
4982;Veine digitale dorsale commune II de la main
4983;Veine digitale dorsale commune III
4984;Veine digitale dorsale commune IV
4985;Veine omobrachiale (ca)
4986;Veine thyroïdienne moyenne (ov, cap)
4987;Veine thyroïdienne crâniale (ov, cap)
4988;Veine linguofaciale
4989;Veine glandulaire
4990;Arc hyoïdien
4991;Veine laryngée impaire
4992;Veine linguale impaire
4993;Branche infra-orbitaire
4994;Veine frontale [supratrochléaire]
4995;Veine palpébrale supérieure latérale
4996;Veine pharyngée ascendante
4997;Veine laryngée crâniale
4998;Veine palatine ascendante
4999;Branche submentale
5000;Veine superficielle ventrale de la langue
5001;Arc hyoïdien profond
5002;Veine sous-mentonnière
5003;Veine labiale inférieure
5004;Veine faciale profonde
5005;Branche anastomotique avec la veine temporale superficielle
5006;Branches glandulaires zygomatiques
5007;Branches dentaires des veines faciales profondes
5008;Br. anastomotique avec la veine ophtalmique ventrale externe
5009;Veine infra-orbitaire
5010;Veine palatine descendante
5011;Petite veine palatine
5012;Grande veine palatine
5013;Veine sphénopalatine
5014;Veine labiale supérieure
5015;Veine palpébrale inférieure
5016;Veine nasale latérale
5017;Veine nasale dorsale
5018;Veine angulaire de l'oeil
5019;Br. anastomotique avec la veine ophtalmique dorsale externe
5020;Veine palpébrale supérieure médiale
5021;Veines glandulaires
5022;Veine laryngée crâniale (ov)
5023;Veine linguale
5024;Arc hyoïde (su, Ru)
5025;Veine sublinguale
5026;Veine pharyngienne ascendante (su)
5027;Veine submentale (su, ov, cap, eq)
5028;Veine linguale profonde
5029;Veines linguales dorsales
5030;Veine faciale
5031;Veine submentale (bo)
5032;Veine labiale inférieure (su, eq)
5033;Veines labiales inférieures (Ru)
5034;Veine angulaire de la bouche
5035;Veine angulaire de la bouche (eq)
5036;Veine labiale supérieure (eq)
5037;Plexus veineux profond de la face (Ru)
5038;Sinus veineux profond de la face (eq)
5039;Plexus ophtalmique (su), Plexus ophtalmique (eq)
5040;Veine labiale supérieure (su)
5041;Veines labiales supérieures (Ru)
5042;Veine dorsale nasale (Ru)
5043;Veine palpébrale inférieure médiale (Su, Ru)
5044;Veine dorsale du nez (su, eq)
5045;Br. anastomotique avec la v. ophtalmique dorsale externe (su)
5046;Veine frontale [supratrochléaire] (Ru)
5047;Veine palpébrale inférieure médiale (eq)
5048;Veine maxillaire
5049;Veine sternocléïdomastoïdienne
5050;Veine glandulaire (Car)
5051;Veine auriculaire caudale
5052;Veine auriculaire latérale (ca, su)
5053;Veine auriculaire profonde (ca, su)
5054;Veine stylomastoïdienne (ca)
5055;Veine temporale superficielle
5056;Veine transversale de la face (ca, su)
5057;Veine palpébrale inférieure latérale (su)
5058;Veine auriculaire latérale (fe)
5059;Veine auriculaire rostrale
5060;Veine auriculaire médiale
5061;Branche anastomotique avec le plexus ophtalmique (fe)
5062;Veine palpébrale supérieure latérale (su)
5063;Veine auriculaire profonde (fe)
5064;Plexus ptérygoïdien
5065;Veine massétérique
5066;Veine palatine (ca)
5067;Plexus palatin
5068;Veine alvéolaire inférieure
5069;Veine buccale (Car)
5070;Veines temporales profondes
5071;Veine buccale (su)
5072;Veine infra-orbitaire (fe)
5073;Plexus ophtalmique (Car)
5074;Veine ophtalmique ventrale externe
5075;Veine ophtalmique dorsale externe
5076;Veine stylomastoïdienne
5077;Veine auriculaire latérale
5078;Veine auriculaire intermédiaire
5079;Veine auriculaire profonde
5080;Veine massétérique ventrale
5081;Veine transverse de la face
5082;Veine palpébrale inférieure latérale
5083;Veine cornuale
5084;Plexus ophtalmique
5085;Veines vorticineuses
5086;Veines ciliaires
5087;Veines conjonctivales
5088;Veine lacrymale
5089;Veine ethmoïdale externe
5090;Veine supra-orbitaire
5091;Veine malaire
5092;Veine de la troisième paupière
5093;(Veine thyroïdienne moyenne)
5094;Veine occipitale
5095;Branche occipitale de la veine stylomastoidienne
5096;Branches parotides de la veine auriculaire caudale
5097;Sinus veineux transverse de la face
5098;Veines pharyngiennes
5099;Veines palatines
5100;Veine mentale
5101;Branche sublinguale
5102;Veine temporale profonde
5103;Veines articulaires temporomandibulaire
5104;Veines ptérygoïdiennes
5105;Veine buccale
5106;Sinus veineux buccal
5107;Sinus veineux de la dure-mère
5108;Sinus transverse
5109;Sinus communiquant
5110;Sinus temporal
5111;Sinus sigmoïde
5112;Confluent des sinus
5113;Sinus basal
5114;Sinus interbasal
5115;Sinus sagittal dorsal
5116;Lacunes latérales
5117;Sinus sagittal ventral (eq)
5118;(Sinus sagittal ventral) (Car)
5119;Sinus droit
5120;Sinus pétreux ventral
5121;Veines labyrinthiques
5122;Sinus pétreux dorsal (Car, eq)
5123;Sinus caverneux
5124;Sinus intercaverneux
5125;Veines diploïques
5126;Veine diploïque frontale
5127;Veine diploïque pariétale
5128;Veine diploïque occipitale
5129;Veines émissaires
5130;Veine émissaire mastoïdienne (ca, bo)
5131;Veine émissaire occipitale
5132;Veine émissaire du canal du nerf hypoglosse
5133;Veine émissaire du foramen jugulaire
5134;Veine émissaire du foramen rétro-articulaire (ca, Ru, eq)
5135;Veine émissaire du canal carotidien
5136;Veine émissaire du foramen ovale
5137;Veine émissaire du foramen déchiré
5138;Veine émissaire du foramen rond
5139;Veine émissaire de la fissure orbitaire
5140;Veine émissaire du foramen orbitorutundum
5141;Veines cérébrales
5142;Veines cérébrales dorsales
5143;Veines cérébrales ventrales
5144;Grande veine cérébrale (Veine du corps calleux)
5145;(Veine du corps calleux)
5146;Veines cérébrales internes
5147;Veine choroïdienne
5148;Veine thalamostriée
5149;Veines cérébelleuses dorsales
5150;Veines cérébelleuses ventrales
5151;Veine ophtalmique interne
5152;Veine sous-clavière
5153;Veine axillaire
5154;Veine thoracique externe
5155;Veine thoracique superficielle (Ru)
5156;Veine thoracique latérale (Car, su)
5157;Veine suprascapulaire (Un)
5158;Veine sous-scapulaire
5159;Veine circonflexe crâniale de l'humérus (Ru)
5160;Veine circonflexe caudale de l'humérus
5161;Veine axillobrachiale
5162;Veine collatérale radiale (Car, su, cap)
5163;Veine collatérale moyenne
5164;Branche suprascapulaire (su)
5165;Veine circonflexe de la scapula
5166;Veine circonflexe crâniale de l'humérus (su)
5167;Veine thoracodorsale
5168;Veine thoracique superficielle (eq)
5169;Veine épigastrique crâniale superficielle
5170;[Veine sous-cutanée abdominale]
5171;Veine circonflexe crâniale de l'humérus (Car, eq)
5172;Veine brachiale
5173;Veine bicipitale (ca, su)
5174;Veine brachiale superficielle (Car)
5175;Veine bicipitale (fe)
5176;Veines radiales superficielles
5177;Veine interosseuse commune (ca, su)
5178;Veine ulnaire (ca)
5179;Veine ulnaire récurrente
5180;Veine interosseuse crâniale de l'avant-bras
5181;Veine interosseuse récurrente de l'avant-bras
5182;Veine interosseuse caudale de l'avant-bras
5183;Branche interosseuse de la veine interosseuse caudale
5184;Branche palmaire de la veine interosseuse caudale
5185;Branche superficielle de la veine interosseuse caudale
5186;Branche profonde de la veine interosseuse caudale
5187;Veine interosseuse crâniale (fe)
5188;Veine interosseuse récurrente
5189;Veine interosseuse caudale (fe)
5190;Veine ulnaire
5191;Branche dorsale de la veine ulnaire
5192;Branche interosseuse de la veine ulnaire
5193;Branche palmaire de la veine ulnaire
5194;Branche superficielle de la veine ulnaire
5195;Veine digitale de la face abaxiale du V palmaire
5196;Veine brachiale profonde
5197;Veine collatérale radiale (bo, ov, eq)
5198;Veine bicipitale (eq)
5199;Veine collatérale ulnaire
5200;Veine transverse du coude
5201;Veine bicipitale (Ru)
5202;Veine interosseuse commune
5203;Veine ulnaire récurrente (bo)
5204;Veine interosseuse caudale
5205;Veine interosseuse crâniale
5206;Branche interosseuse (Ru)
5207;Branche palmaire de la veine interosseuse crâniale
5208;Branche superficielle de la veine interosseuse crâniale
5209;Branche profonde de la veine interosseuse crâniale
5210;Terme commun
5211;Veine médiane
5212;Veine antebraciale profonde
5213;Veine radiale
5214;Branche carpienne dorsale de la veine radiale
5215;Réseau carpien dorsal de la veine radiale
5216;Veines métacarpiennes dorsales des I-IV
5217;Veines métacarpiennes palmaires des I-IV
5218;Veines digitales palmaires communes des I-IV
5219;Veine métacarpienne dorsale
5220;Veines digitales palmaires communes des II-IV
5221;Branches palmaires des phalanges proximales
5222;Veine interdigitale
5223;Veines palmaires digitales propres
5224;Veine métacarpienne dorsale du III
5225;Veines métacarpiennes palmaires des II-IV
5226;Arcade palmaire profonde distale
5227;Veine digitale palmaire commune du II
5228;Veine digitale palmaire axiale propre du II
5229;Veine digitale palmaire abaxiale propre du III
5230;Veine digitale palmaire commune du IV
5231;Veine digitale palmaire abaxiale propre du IV
5232;Veine digitale palmaire axiale propre du V
5233;Veine digitale palmaire commune du III
5234;Veines digitales palmaires axiales propres des III et IV
5235;Veine coronale
5236;Branche palmaire de la veine coronale
5237;Br. superficielle [Veine digitale palmaire commune du III]
5238;Veine digitale latérale [palmaire propre du III]
5239;Arc terminal de la veine coronale
5240;Branche profonde de la veine coronale
5241;Veine radiale de la veine coronale
5242;Arc palmaire profond de la veine coronale
5243;Veines métacarpiennes palmaires des II et III
5244;Br. palmaire superf. [V. digitale palmaire commune du II]
5245;Veine digitale médiale [palmaire propre du III]
5246;Veine coronale de la main
5247;Plexus ungulaire
5248;Veine cave caudale
5249;Veines phréniques crâniales
5250;Veine phrénique caudale
5251;Branche surrénale crâniale (Car)
5252;Veine abdominale crâniale
5253;Veines lombaires
5254;Branche dorsale des veines lombaires
5255;Veine intervertébrale
5256;Veine iliaque circonflexe profonde (Car)
5257;Veines hépatiques
5258;Veine hépatique droite
5259;Veine hépatique moyenne
5260;Veine hépatique gauche
5261;Veine rénale
5262;Branche surrénale caudale (Ru, eq)
5263;Veine testiculaire gauche (Car)
5264;Veine ovarienne gauche (Car)
5265;Veines surrénales (bo, eq)
5266;Veine testiculaire droite
5267;Veine vésiculaire crâniale (cap)
5268;Plexus pampiniforme
5269;Veine testiculaire gauche (su, cap, eq)
5270;Veine ovarique droite
5271;Veine utérine (su)
5272;Veine vésicale crâniale
5273;Veine ovarique gauche (su, ov, eq)
5274;Veine porte
5275;Branche droite
5276;Branche gauche
5277;Partie transverse
5278;Partie ombilicale
5279;Ligament rond du foie
5280;Veines cystiques
5281;Veine gastrique droite (ca)
5282;Veine gastrique pariétale gauche (eq)
5283;Branches pancréatiques (eq)
5284;Veine gastroduodénale
5285;Veine gastrique droite (fe, Un)
5286;Veine gastro-épiploïque droite
5287;Veine pancréaticoduodénale crâniale
5288;Veine splénique
5289;Veines pancréatiques
5290;Veine gastrique gauche (Car, su)
5291;Veines diverticulaires (su)
5292;Veine gastrique viscérale gauche (eq)
5293;Br. pancréatiques de la veine gastrique viscérale gauche (eq)
5294;Veines gastriques courtes
5295;Branche épiploïque de la veine pancréatique
5296;Veine ruminale droite
5297;Branche collatérale
5298;Veine réticulaire
5299;Veine ruminale gauche
5300;Veine œsophagienne caudale
5301;Veine gastrique gauche
5302;Veine gastro-épiploïque gauche
5303;Veine mésentérique crâniale
5304;Veine pancréaticoduodénale caudale
5305;Veines jéjunales
5306;Branches coliques droites des veines jéjunales (ov, cap)
5307;Branche collatérale des veines jéjunales (bo)
5308;Veines iléales
5309;Veine iléocolique
5310;Branche colique de la veine iléocaecale
5311;Branches coliques de la veine iléocaecale
5312;Veines coliques droites
5313;Veine caecale
5314;Veine caecale médiale (eq)
5315;Veine caecale latérale (eq)
5316;Veine colique droite
5317;Veine colique moyenne (Car, su)
5318;Veine mésentérique caudale
5319;Veine colique moyenne (Ru, eq)
5320;Veine colique gauche
5321;Veine sigmoïde
5322;Veine rectale crâniale
5323;Veine iliaque commune
5324;Veine lombaire V (eq), VI (Un), VII (Car)
5325;Veine circonflexe profonde de l'ilium (Un)
5326;Veine ilolombaire (eq)
5327;Veine testiculaire gauche (bo, ov)
5328;Veine ovarienne gauche (bo,cap)
5329;Veine sacrée médiane (Car, su, Ru)
5330;Branches sacrées de la veine sacrale médiane (Car, su, Ru)
5331;(Veine sacrée médiane) (eq)
5332;Veine caudale médiane (Car, su, Ru)
5333;Branches caudales de la veine caudale médiale (Car, su, Ru)
5334;Veine caudale ventrolatérale
5335;Veine caudale dorolatérale
5336;Veine iliaque interne
5337;Veine utérine
5338;Veine glutéale crâniale
5339;Veine caudale [coccygienne] latérale
5340;Veine caudale [coccygienne] dorsale (fe)
5341;Veine urétrale
5342;Veine utérine (bo)
5343;Veine iliolombale
5344;Veine vaginale accessoire (bo)
5345;Veine prostatique
5346;Veine du canal déférent
5347;Veine vaginale
5348;Veine rectale moyenne
5349;Veine dorsale périnéale
5350;Veine rectale caudale (bo fem, cap)
5351;Veine dorsale labiale
5352;Veine glutéale caudale
5353;Veine pudendale interne
5354;Veine rectale caudale (bo masc, ov)
5355;Veine vestibulaire (bo)
5356;Veine périnéale ventrale
5357;Veine labiale dorsale et mammaire
5358;Veine du bulbe du vestibule (ov, cap)
5359;Veine caudale [coccygienne] médiane
5360;Veine caudale [coccygienne] ventrolatérale
5361;Branches caudales [coccygiennes]
5362;Veine caudale [coccygienne] dorsolatérale
5363;Branche utérine de la veine vaginale
5364;Veine rectale caudale
5365;Veine du pénis
5366;Veine du bulbe du pénis
5367;Veine profonde du pénis
5368;Veine dorsale du pénis
5369;Veine clitoridienne
5370;Veine du bulbe du vestibule
5371;Veine profonde du clitoris
5372;Veine dorsale du clitoris
5373;Veine iliaque externe
5374;Veine abdominale caudale
5375;Veine vésicale médiale (fe)
5376;Veine cremasterique
5377;Veines digitales dorsales communes (II) III et IV
5378;Branche caudale du plexus ungulaire
5379;Veine iliacofémorale
5380;Veine médiale du pénis
5381;Veine moyenne du clitoris
5382;Veine fémorale profonde
5383;Veine pudendoépigastrique
5384;Veine épigastrique caudale
5385;Veine pudendale externe
5386;Veine pudendale externe accessoire
5387;Veine scrotale ventrale
5388;Veine crâniale du pénis
5389;Veine labiale ventrale [mammaire caudale]
5390;Veine épigastrique caudale superficielle [mammaire crâniale]
5391;Veine circonflexe fémorale médiale
5392;Veine circonflexe iliaque superficielle (ca)
5393;Veine circonflexe fémorale latérale
5394;Veine fémorale caudale proximale
5395;[Grande] Veine saphène médiale
5396;Branche crâniale
5397;Veine tarsienne médiale (ca)
5398;Veine plantaire médiale
5399;Veine digitale dorsale commune du II (fe)
5400;Veines digitales dorsales propres
5401;Branche caudale
5402;Veine plantaire médiale (fe)
5403;Branche articulaire de  la veine descendante du genou
5404;Veine fémorale caudale moyenne
5405;Veine caudale fémorale distale
5406;[Petite] Veine saphène latérale
5407;Branche crâniale de la veine saphène latérale
5408;Veine digitale dorsale abaxiale du V (ca)
5409;Veine tarsienne latérale (ca)
5410;Arc dorsal superficiel (ca)
5411;Veine digitale dorsale abaxiale du II
5412;Veines digitales dorsales communes des II-IV
5413;Veines digitales dorsales communes III et IV (fe)
5414;Veines digitales dorsales propres du pied
5415;Branche caudale des veines digitales dorsales propres
5416;Branche anastomotique avec la [grande] veine saphène médiale
5417;Arc plantaire profond du pied
5418;Veines métatarsiennes plantaires II-IV
5419;Arc plantaire superficiel
5420;Veine digitale plantaire abaxiale du II (fe)
5421;V. digitales plant. communes des II et IV (fe), II-IV (ca)
5422;Veine interdigitale du pied
5423;Veines digitales plantaires propres
5424;Veine digitale plantaire abaxiale du V (fe)
5425;Veine poplitée
5426;Veines du genou
5427;Veine tibiale crâniale
5428;Veine dorsale du pied
5429;Veine tarsienne médiale (fe)
5430;Veine tarsienne latérale (fe)
5431;Arc dorsal profond
5432;V. métatarsiennes dorsales des II-IV (ca), II (III) IV (fe)
5433;Veine fémorale
5434;Veine saphène médiale
5435;Branche crâniale de la veine saphène médiale
5436;Branche médiale de la veine saphène médiale
5437;Branche latérale de la veine saphène médiale
5438;Branche caudale de la veine saphène médiale
5439;Branche profonde de la veine saphène médiale
5440;Branche superficielle de la veine plantaire médiale
5441;Veines digitales plantaires communes II-IV
5442;Branches perforantes proximales des II et IV
5443;V. métatarsiennes dors. II-IV (ca), II (III) IV (fe) II et IV
5444;Veine descendante du genou
5445;Veines fémorales caudales
5446;Veine interosseuse de la jambe
5447;Veine tarsienne latérale
5448;Veine tarsienne perforante proximale
5449;Veine tarsienne médiale
5450;Veine tarsienne perforante distale
5451;Veine métatarsienne dorsale du III
5452;Branche superficielle (bo)
5453;Veine digitale plantaire commune du II
5454;Veine digitale plantaire axiale propre du II
5455;Veine digitale plantaire abaxiale propre III
5456;Veine digitale plantaire commune du III
5457;Veines digitales plantaires axiales des III et IV
5458;Veine plantaire latérale
5459;Veines métatarsiennes plantaires des III-IV
5460;Veines digitales plantaires communes IV (bo), II-IV (ov, cap)
5461;Veine tarsienne perforante
5462;Veine digitale dorsale commune du II
5463;Branche caudale de la veine dorsale commune II
5464;Veine plantaire médiale du pied
5465;Branche profonde de la veine médiale du pied
5466;Branche superficielle [Veine digitale plantaire commune II]
5467;Veine digitale médiale [plantaire propre du III]
5468;Veines métatarsiennes plantaires II et III
5469;Arcade plantaire profonde distale
5470;Br. superficielle [Veine digitale plantaire commune du III]
5471;Veine digitale latérale [plantaire propre du III]
5472;Veine fémorale caudale
5473;Veine métatarsienne dorsale du II
5474;Veine tibiale caudale
5475;Veine malléolaire caudale latérale
5476;Système lymphatique
5477;Vaisseaux lymphatiques
5478;Vaisseaux lymphatiques superficiels
5479;Vaisseaux lymphatiques profonds
5480;Valvule lymphatique
5481;Plexus lymphatique
5482;Lymphocentre
5483;Canal thoracique
5484;Tronc trachéal [Tronc jugulaire]
5485;Conduit lymphatique droit
5486;Citerne du chyle
5487;Troncs lombaires
5488;Tronc viscéral
5489;Tronc coeliaque
5490;Tronc intestinal
5492;Tronc jéjunal
5493;Tronc gastrique
5494;Tronc hépatique
5495;Lymphonoeuds
5496;Vaisseaux lymphatiques afférents
5497;Sinus lymphatique
5498;Vaisseaux lymphatiques éfférents
5499;Capsule
5500;Cortex
5501;Trabécule
5502;Moelle
5503;Hile
5504;Lobule lymphatique
5505;Lymphonodulus
5506;Lymphocentre parotidien
5507;Nœuds parotidiens superficiels (Car, su, ov, bo)
5508;Lymphonoeuds parotidiens profonds
5509;Lymphocentre mandibulaire
5510;Lymphonoeuds mandibulaires
5511;Lymphonoeuds mandibulaires accessoires (or, fe, su)
5512;Lymphonoeud buccal (ov, ca)
5513;Lymphonoeud ptérygoïdien (bo)
5514;Lymphocentre rétropharyngé
5515;Lymphonoeuds rétropharyngés médiaux
5516;Lymphonoeuds rétropharyngés latéraux
5517;Lymphonoeud hyoïde rostral (bo)
5518;Lymphonoeud hyoïde caudal (bo)
5519;Lymphocentre cervical superficiel
5520;Lymphonoeuds cervicaux superficiels (ca, Ru, eq)
5521;Lymphonoeuds cervicaux superficiels dorsaux (fe, su)
5522;Lymphonoeuds cervicaux superficiels moyens (or, su)
5523;Lymphonoeuds cervicaux superficiels ventraux
5524;Lymphonoeuds cervicaux superficiels accessoires (bo, ov)
5525;Lymphocentre cervical profond
5526;Lymphonoeuds cervicaux crâniaux profonds (abs. or)
5527;Lymphonoeuds cervicaux profonds moyens
5528;Lymphonoeuds cervicaux caudaux profonds
5529;Lymphonoeud costocervical (Ru)
5530;Lymphonoeud sous-rhomboïde (bo)
5531;Lymphocentre axillaire
5532;Lymphonoeuds axillaires propres (abs. su)
5533;Lymphonoeuds axillaires de la première côte (fe, su, Ru)
5534;Lymphonoeuds axillaires accessoires (or, Car, Bo, OV)
5535;Lymphonoeuds cubitaux (ov, eq)
5536;Lymphonoeud infra-épineux (bo)
5537;Lymphocentre thoracique dorsal
5538;Lymphonoeuds aortiques thoraciques (abs. ca)
5539;Lymphonoeuds intercostaux (abs. ou)
5540;Lymphocentre thoracique ventral
5541;Lymphonoeuds sternaux crâniaux
5542;Lymphonoeuds sternaux caudaux (abs. ca, su)
5543;Lymphonoeud épigastrique crânial superficiel (or, fe)
5544;Lymphonoeuds phréniques (fe, bo, eq)
5545;Lymphocentre médiastinal
5546;Lymphonoeuds crâniaux médiastinaux
5547;Lymphonoeuds médiastinaux moyens (Ru, eq)
5548;Lymphonoeuds médiastinaux caudaux (abs. Car)
5549;Lymphonoeud nucal (eq)
5550;Lymphocentre bronchique
5551;Lymphonoeuds trachéobronchiques droits (ov abs.)
5552;Lymphonoeuds trachéobronchiques gauches
5553;Lymphonoeuds trachéobronchiques moyens [abs. ou ov)
5554;Lymphonoeuds trachéobronchiques crâniaux (su, Ru)
5555;Lymphonoeuds pulmonaires
5556;Lymphocentre lombaire
5557;Lymphonoeuds lombaires aortiques
5558;Lymphonoeuds lombaires propres (bo)
5559;Lymphonoeuds rénaux
5560;Lymphonoeud phrénico-abdominal (su)
5561;Lymphonoeud ovarien (eq)
5562;Lymphonoeud testiculaire (su)
5563;Lymphocentre coeliaque
5564;Lymphonoeuds coeliaques
5565;Lymphonoeuds spléniques (abs. or)
5566;Lymphonoeuds gastriques
5567;Lymphonoeuds ruminaux droits (Ru)
5568;Lymphonoeuds ruminaux gauches (bo, ou)
5569;Lymphonoeuds ruminaux crâniaux (bo cap)
5570;Lymphonoeuds réticulaires (Ru)
5571;Lymphonoeuds omasiaux (Ru)
5572;Lymphonoeuds rumino-abomasiaux (Ru)
5573;Lymphonoeuds réticulo-abomasiaux (bo, cap)
5574;Lymphonoeuds abomasiaux dorsaux (Ru)
5575;Lymphonoeuds abomasiaux ventraux (Ru)
5576;Lymphonoeuds hépatiques
5577;Lymphonoeuds hépatiques accessoires (bo)
5578;Lymphonoeuds pancréaticoduodénaux
5579;Lymphonoeuds omentaux (or, eq)
5580;Lymphocentre mésentérique crânial
5581;Lymphonoeuds mésentériques crâniaux (abs. Car)
5582;Lymphonoeuds jéjunaux
5583;Lymphonoeuds iléocécaux (abs. or, ca, cap)
5584;Lymphonoeuds iléocoliques (su, ov, cap)
5585;Lymphonoeuds cæcaux (eq)
5586;Lymphonoeuds coliques (abs. or)
5587;Lymphocentre mésentérique caudal
5588;Lymphonoeuds mésentériques caudaux
5589;Lymphonoeuds vésicaux (eq)
5590;Lymphocentre ilioosacral
5591;Lymphonoeuds iliaques médiaux
5592;Lymphonoeuds sacrés (abs. eq)
5593;Lymphonoeuds iliaques latéraux (su, bo, ov, eq)
5594;Lymphonoeuds iliaques internes
5595;Lymphonoeuds anorectaux (Un)
5596;Lymphonoeud utérin (su, eq)
5597;Lymphonoeud obturateur (eq)
5598;Lymphocentre iliofémoral
5599;Lymphonoeuds iliaques externes (abs. eq)
5600;Lymphonoeuds fémoraux
5601;Lymphonoeuds fémoraux proximaux [inguinaux profonds] (eq)
5602;Lymphonoeud fémoral distal (Car)
5603;Lymphonoeud épigastrique caudal profond (bo)
5604;Lymphocentre inguinofémoral
5605;Lymphonoeuds inguinaux superficiels
5606;Lymphonoeuds scrotaux
5607;Lymphonoeuds mammaires
5608;Lymphonoeuds subiliaques
5609;Lymphonoeuds épigastriques caudaux superficiels (or, fe)
5610;Lymphonoeud de la hanche (bo, ov, eq)
5611;Lymphonoeud accessoire de la hanche (bo)
5612;Lymphonoeuds de la fosse paralombaire (bo)
5613;Lymphocentre ischiatique
5614;Lymphonoeuds ischiatiques (abs.ca)
5615;Lymphonoeud glutéal (su, bo, ov)
5616;Lymphonoeud tubéral (Ru)
5617;Lymphocentre poplité
5618;Lymphonoeuds poplités
5619;Lymphonoeuds poplités profonds (Un)
5620;Lymphonoeuds poplités superficiels (or, Car, su)
5621;Rate
5622;Surface pariétale [diaphragmatique]
5623;Face viscérale
5624;Surface rénale
5625;Surface gastrique
5626;Surface intestinale
5627;Extrémité dorsale
5628;Extrémité ventrale
5629;Bord crânial
5630;Bord caudal
5631;Hile de la rate
5632;Tunique séreuse de la rate
5633;Capsule de la rate
5634;Trabécules de la rate
5635;Pulpe rouge de la rate
5636;Pulpe blanche de la rate
5637;Branches spléniques [de l'artère splénique]
5638;Lymphonoeuds spléniques
5639;(Rate accessoire)
5640;Thymus
5641;Lobe cervical [droit et gauche]
5642;Lobe intermédiaire
5643;Lobe thoracique [droit et gauche]
5644;Lobules du thymus
5645;Cortex du thymus
5646;Médullaire du thymus
5647;(Nodules thymiques accessoires)
5648;Neurologie
5648;Système nerveux
5649;Système nerveux central
5650;Substance blanche
5651;Substance grise
5652;Substance gélatineuse de la corne postérieure
5653;Réseau des tænias
5654;Ependyme
5655;Couche épithéliale
5656;Noyaux des nerfs crâniens
5657;Noyaux d'origine
5658;Noyaux terminaux
5659;Moelle épinière
5660;Partie cervicale de la moelle épinière
5661;Renflement cervical
5662;Partie thoracique de la moelle épinière
5663;Partie lombaire de la moelle épinière
5664;Renflement lombaire
5665;Partie sacrale
5666;Partie caudale
5667;Cône médullaire
5668;Queue de cheval
5669;Sillon médian [dorsal]
5670;Sillon latéral dorsal
5671;Sillon intermédiaire dorsal
5672;Fissure médiane [ventrale]
5673;Sillon latéral ventral
5674;Funicule de la moelle épinière
5675;Cordon dorsal
5676;Funiculus latéral
5677;Cordon ventral
5678;Sections de la moelle épinière
5679;Canal central
5680;Ventricule terminal
5681;Septum médian dorsal
5682;Commissure grise
5683;Commissure blanche
5684;Corne dorsale
5685;Corne latérale
5686;Corne ventrale
5687;Apex de la corne dorsale
5688;Noyau thoracique
5689;Substance intermédiaire centrale
5690;Substance intermédiaire latérale
5691;Noyau cervical latéral
5692;Noyau moteur du nerf accessoire
5693;Noyau du tractus spinal du nerf trijumeau
5694;Formation réticulaire
5695;Faisceau gracile
5696;Faisceau cunéiforme
5697;Voie pyramidale [corticospinale] dorsale
5698;Fasciculi propres
5699;Voie pyramidale [corticospinale] latérale
5700;Tractus spinocérébelleux ventral
5701;Tractus spinocérébelleux dorsal
5702;Tractus spinotectal
5703;Fibres tectospinales latérales
5704;Tractus spinothalamique
5705;Tractus réticulospinal latéral
5706;Faisceau rubrospinal
5707;Tractus dorsolatéral
5708;Faisceau longitudinal médial
5709;Partie commissurospinale
5710;Partie interstitiospinale
5711;Partie tectospinale
5712;Partie vestibulospinale
5713;Partie réticulospinale
5714;Tractus pyramidal [corticospinal] ventral
5715;Tractus spino-olivaire
5716;Encéphale
5717;Rhombencéphale
5718;Myélencéphale
5719;Moelle allongée
5720;Pyramide [de la moelle allongée]
5721;Décussation des pyramides
5722;Tubérosité faciale
5723;Tubercule trigéminal
5724;Pédoncule caudal cérébelleux
5725;Corps restiforme
5726;Corps juxtarestiforme
5727;Tubercule nucléaire cunéiforme
5728;Fibres arquées superficielles
5729;Coupes de la moelle allongée
5730;Toit du rhombencéphale
5731;Noyau moteur du nerf hypoglosse
5732;Noyau intercalé
5733;Noyau préposé du nerf hypoglosse
5734;Noyau ambigu [Nerf moteur du nerve IX et X]
5735;Noyau parasympathique du nerf vague
5736;Noyau parasympathique du nerf glossopharyngien
5737;Tractus solitaire
5738;Noyau du tractus solitaire
5739;Tractus spinal du nerf trijumeau
5740;Partie caudale du noyau du tractus spinal
5741;Partie interpolaire du noyau du tractus spinal
5742;Partie rostrale du noyau du tractus spinal
5743;Noyau moteur du nerf trijumeau
5744;Noyau cochléaire ventral
5745;Noyau cochléaire dorsal
5746;[Tubercule acoustique]
5747;Noyaux vestibulaires
5748;Noyau vestibulaire rostral
5749;Noyau vestibulaire médial
5750;Noyau vestibulaire latéral
5751;Noyau vestibulaire caudal [descendant]
5752;Noyau moteur du nerf facial
5753;Noyau parasympathique du nerf facial
5754;Genou du nerf facial
5755;Noyau parasympathique du nerf intermédiaire
5756;Noyau moteur du nerf abducens
5757;Noyau gracile
5758;Noyau cunéiforme médial
5759;Noyau cunéiforme latéral
5760;Noyau du cordon latéral
5761;Noyau olivaire
5762;Hile du noyau olivaire
5763;Noyau olivaire accessoire médial
5764;Noyau olivaire accessoire dorsal
5765;Noyau dorsal du corps trapézoïde
5766;Noyau ventral du corps trapézoïde
5767;Noyau arqué
5768;Fibres arquées profondes
5769;Noyau réticulaire latéral
5770;Tractus spinothalamiques
5771;Décussation du lemnisque médial
5772;Tractus olivocérébelleux
5773;Corps trapézoïde
5774;Tractus vestibulospinal
5775;Couverture de l'espace central (Car)
5776;Métencéphale
5777;Pont
5778;Sillon basilaire
5779;Pédoncule cérébelleux moyen
5780;[Bras du pont]
5781;Sections du pont
5782;Partie dorsale du pont
5783;[Toit du pont]
5784;Raphés nucléaires
5785;Noyau sensitif pontin du nerf trijumeau
5786;Noyau ceruleus
5787;Noyaux du nerf vestibulocochléaire
5788;Strie acoustique
5789;Noyau du lemnisque latéral
5790;Tractus tegmental central
5791;Partie ventrale du pont
5792;Noyaux pontins
5793;Fibres pontines transversales
5794;Cervelet
5795;Folia du cérébellum
5796;Fissures cérébelleuses
5797;Sillons cérébelleux
5798;Vallécule cérébelleuse
5799;Corps du cervelet
5800;Lobe rostral du cervelet
5801;Fissure principale du cervelet
5802;Lobe caudal du cervelet
5803;Fissure uvulodulaire
5804;Lobe flocculonodulaire
5805;Vermis
5806;Lingula du cervelet
5807;Lobule central
5808;Culmen
5809;Partie rostrale du culmen
5810;Partie caudale du culmen
5811;Déclive
5812;Folium vermis
5813;Tubérosité du vermis
5814;Pyramide [vermis]
5815;Uvule [vermis]
5816;Nodule
5817;Hémisphère du cervelet
5818;Vinculum lingulaire
5819;Aile du lobe central
5820;Lobe quadrangulaire
5821;Partie rostrale du lobe quadrangulaire
5822;Partie caudale du lobe quadrangulaire
5823;Lobe simple
5824;Lobe ansiforme
5825;Jambe rostrale
5826;Jambe caudale
5827;Lobe paramédian
5828;Paraflocculus
5829;Paraflocculus dorsal
5830;Paraflocculus ventral
5831;Flocculus
5832;Pédoncule du flocculus
5833;Sections du cervelet
5834;Corps médullaire
5835;Arbre de vie
5836;Laminae albae
5837;Cortex cérébelleux
5838;Couche de neurones piriformes
5839;Stratum granulosum
5840;Noyau latéral du cervelet [Noyau denté]
5841;Noyaux interposés du cervelet
5842;Noyau interposé latéral du cervelet
5843;[Noyau emboliforme]
5844;Noyau interposé médial du cervelet
5845;[Noyau globuleux]
5846;Noyau fastigial
5847;Quatrième ventricule
5848;Fosse rhomboïde
5849;Sillon médian
5850;Récessus latéral du quatrième ventricule
5851;Sulcus limitans
5852;Fossette caudale
5853;Fossette rostrale
5854;Trigone du nerf hypoglosse
5855;Stries médullaires du quatrième ventricule
5856;Eminence des noyaux vestibulaires médiaux
5857;Éminence médiale
5858;Trigone du nerf vague
5859;Area postrema
5860;Locus ceruleus
5861;Toit du quatrième ventricule
5862;Voile médullaire caudal
5863;Voile médullaire rostral
5864;Frein du voile médullaire rostral
5865;Ténia du quatrième ventricule
5866;Obex
5867;Ouvertures du quatrième ventricule
5868;Ouvertures latérales du quatrième ventricule
5869;(Ouverture médiane du quatrième ventricule)
5870;Mésencéphale
5871;Pédoncule cérébral
5872;Bras du cerveau
5873;Fosse interpédonculaire
5874;Substance caudale perforée
5875;Tractus crural transverse
5876;Sillon de la jambe cérébrale inférieure
5877;Tegmentum mésencéphalique
5878;Trigone lemniscal
5879;Lamina tectoria
5880;Collicule rostral
5881;Collicule caudal
5882;Bras du collicule rostral
5883;Bras du collicule caudal
5884;Sections du mésencéphale
5885;Substance grise centrale
5886;Aqueduc du mésencéphale
5887;[Aqueduct du cerveau]
5888;Fibres commissurospinales
5889;Fibres interstitiospinales
5890;Fibres vestibulocommissurales
5891;Fibres vestibulotectales
5892;Fibres vestibulothalamiques
5893;Tractus tectospinal
5894;Tractus mésencéphalique du nerf trijumeau
5895;Noyau du nerf trijumeau mésencéphale
5896;Noyau moteur du nerf oculomoteur
5897;Noyau moteur du nerf trochléaire
5898;Noyaux parasympathiques du nerf oculomoteur
5899;Noyau interpédonculaire
5900;Couverture nucléaire
5901;Noyau interstitiel
5902;Noyau prestitiel
5903;Noyau précommissural
5904;Noyau rouge
5905;Partie magnocellulaire
5906;Partie parvocellulaire
5907;Décussations tegmentales
5908;Décussation dorsale
5909;Décussation ventrale
5910;Pédoncule cérébelleux ventral
5911;[Brachium conjunctivum]
5912;Décussation des pédoncules cérébelleux rostraux
5913;Décussation des nerfs trochléaires
5914;Lemnisque trigéminal
5915;Lemnisque médial
5916;Lemnisque latéral
5917;Noyaux du lemnisque latéral
5918;Fasciculi tegmenti
5919;Substance noire
5920;Partie compacte
5921;Partie réticulée
5922;Faisceau pyramidal
5923;Fibres corticonucléaires
5924;Fibres corticospinales
5925;Fibres corticoréticulaires
5926;Voie corticopontine
5927;Partie frontopontine
5928;Partie pariétopontine
5929;Noyau prétectal
5930;Tectum mésencéphalique
5931;Strate zonale du collicule rostral
5932;Couche grise du collicule rostral
5933;Couche optique
5934;Couche médullaire du collicule rostral
5935;Commissure des collicules rostraux
5936;Noyau du collicule caudal
5937;Commissure des colliculi caudaux
5938;Prosencéphale
5939;Diencéphale
5940;Troisième ventricule
5941;Commissure caudale
5942;Organe subcommissural
5943;Sillon hypothalamique
5944;Adhésion interthalamique
5945;Récessus optique
5946;Récessus neurohypophysaire
5947;[Récessus infundibulaire]
5948;Hypothalamus
5949;Corps mamillaire
5950;Récessus sous-mamillaire
5951;Tuber cinereum
5952;Partie tubéreuse rostrale
5953;Partie tubéreuse para-infundibulaire
5954;Partie tubéreuse caudale
5955;Sillon tubéro-infundibulaire
5956;Hypophyse
5957;Tractus optique
5958;Fasciculus para-optique
5959;Racine médiale
5960;Racine latérale
5961;Chiasma optique
5962;Lame grise terminale
5963;Organes vasculaires de la lame grise terminale
5964;Organe vasculaire hypothalamique
5965;Coupes hypothalamiques
5966;Couche périventriculaire
5967;Région hypothalamique rostrale avec région pré-optique
5968;Noyau supra-optique
5969;Partie suprachiasmatique
5970;Partie postchiasmatique
5971;Noyau suprachiasmatique
5972;Noyau paraventriculaire
5973;Partie accessoire
5974;Noyau paraventriculaire parvocellulaire
5975;Noyau hypothalamique rostral
5976;Noyau pré-optique médian
5977;Noyau pré-optique médial
5978;Noyau pré-optique latéral
5979;Noyau pré-optique périventriculaire
5980;Noyau périventriculaire rostral
5981;Région hypothalamique intermédiaire
5982;Noyau hypothalamique dorsomédial
5983;Noyau hypothalamique ventromédial
5984;Noyau infundibulaire
5985;Aire hypothalamique latérale
5986;Noyau tubéral latéral
5987;Noyau tubéromamilaire
5988;Partie caudale [Noyau intercalé]
5989;Partie supramamillaire
5990;Région hypothalamique caudale
5991;Noyau prémamillaire
5992;Aire hypothalamique dorsale
5993;Zone hypothalamique dorsocaudale
5994;Noyau hypothalamique latéral
5995;Noyau hypothalamique périfornical
5996;Noyau périventriculaire caudal
5997;Noyau mamillaire médial
5998;Noyau mamilaire latéral
5999;Noyau mamillaire gris
6000;Commissures
6001;Commissures supra-optiques
6002;Commissure supra-optique dorsale
6003;Commissure supra-optique ventrale
6004;Commissure supramamillaire
6005;Commissures intrahypothalamiques
6006;Tractus des projections nerveuses
6007;Fibres périventriculaires
6008;Faisceau médial du télencéphale
6009;Faisceau dorsal longitudinal
6010;Fibres hypothalamorétiniennes
6011;Tractus supra-opticohypophysaire
6012;Tractus paraventriculohypophysaire
6013;Tractus tubérohypophysaire
6014;Pédoncule mamillaire
6015;Tractus mamillotegmental
6016;Faisceau mammilohypothalamique
6017;Tractus mamillothalamique
6018;Subthalamus
6019;Corps sous-thalamique
6020;Sections sous-thalamiques
6021;Zona incerta
6022;Noyau subthalamique
6023;Noyau endopédonculaire
6024;Cercle pédonculaire
6025;Cercle lenticulaire
6026;Pédoncule thalamique ventral
6027;Thalamencéphale
6028;Thalamus
6029;Tubercule thalamique rostral
6030;Ténia thalamique
6031;Pulvinar
6032;Métathalamus
6033;Corps géniculé médial
6034;Corps géniculé latéral
6035;Epithalamus
6036;Glande pinéale
6037;Corps [Glande pinéale]
6038;Pédoncule [Glande pinéale]
6039;Récessus pinéal
6040;Récessus suprapinéal
6041;Habenula
6042;Stria habenularis thalami
6043;Coupes thalamencéphaliques
6044;Coupes thalamiques
6045;Stratum zonale
6046;Noyaux thalamiques rostraux
6047;Noyau rostral dorsal
6048;Noyau rostral médial
6049;Noyau rostral ventral
6050;Noyaux latéraux du thalamus
6051;Noyau ventral rostral
6052;Noyau ventral latéral
6053;Noyau ventral caudal
6054;Partie médiale du noyau ventral caudal
6055;Partie latérale du noyau ventral caudal
6056;Noyau dorsolatéral
6057;Noyau latéral caudal
6058;Noyau du pulvinar
6059;Lame médullaire externe du thalamus
6060;Lame médullaire interne du thalamus
6061;Noyaux intralaminaires du thalamus
6062;Noyau central médial
6063;Noyau paracentral
6064;Noyau central latéral
6065;Noyau thalmique central
6066;[Centre médian]
6067;Noyau parafasciculaire
6068;Noyau thalamique dorsal
6069;Noyaux paraventriculaires du thalamus
6070;Nucleus thalamique reticulé
6071;Coupes métathalamiques
6072;Noyau géniculé médial
6073;Noyau géniculé latéral
6074;Partie dorsale du noyau géniculé latéral
6075;Partie ventrale du noyau géniculé latéral
6076;Coupes épithalamiques
6077;Noyaux habénulaires
6078;Noyau habénulaire médial
6079;Noyau habénulaire latéral
6080;Commissure habénulaire
6081;Faisceau rétroflexe
6082;Télencéphale
6083;Cerveau - télencéphale
6084;Scissure cérébrale longitudinale
6085;Scissure cérébrale transverse
6086;Base du cerveau
6087;Face convexe [dorsolatérale]
6088;Face médiale
6089;Face basilaire
6090;Bord dorsal [dorsomédial]
6091;Pôle rostral [frontal]
6092;Pôle caudal [occipital]
6093;Pallium
6094;Paléopallium
6095;Archipallium
6096;Néopallium
6097;Cortex cérébral
6098;Sillons cérébraux
6099;Gyrus cérébral
6100;Rhinencéphale
6101;Partie basale du rhinencéphale
6102;Sillon rhinal latéral
6103;Partie rostrale du rhinencépale
6104;Partie caudale du rhinencépale
6105;Sillon rhinal médial
6106;Bulbe olfactif
6107;Sillon limitant du bulbe olfactif
6108;Bulbe olfactif accessoire
6109;Pédoncule olfactif
6110;Voie olfactive latérale
6111;Voie olfactive médiale
6112;Trigone olfactif
6113;Sillon limitant du trigone olfactif
6114;Lobe piriforme
6115;Partie rostrale du lobe piriforme
6116;Partie caudale du lobe piriforme
6117;Gyrus olfactif latéral
6118;Gyrus parahippocampal
6119;Vallecula [fossé] de l'artère cérébrale latérale
6120;Sillon endorhinal
6121;Tubercule olfactif
6122;Substance perforée rostrale
6123;Partie septale du rhinencéphale
6124;Aire subcalleuse
6125;Gyrus paraterminal
6126;Gyrus diagonal
6127;Septum du télencéphale
6128;Septum du télencéphale [pellucidum]
6129;Cavité du septum du télencéphale
6130;Couche du septum du télencéphale
6131;Partie limbique du rhinencéphale
6132;Hippocampe
6133;Partie précommissurale
6134;Partie supracommissurale [Indusium gris]
6135;Partie rétrocommissurale
6136;Gyrus du genou
6137;Gyrus supracalleux
6138;Sillon du corps calleux
6139;Stries longitudinales
6140;Strie longitudinale latérale
6141;Strie longitudinale médiale
6142;Alveus de l'hippocampe
6143;Fimbria de l'hippocampe
6144;Corne d'Ammon inversée
6145;Gyrus fasciolaire
6146;Sillon de l'hippocampe
6147;Sillon fimbriodenté
6148;Sillon dentato-ammonis
6149;Sillon fimbrio-ammonis
6150;Tubercule de l'hippocampe
6151;Uncus
6152;Incisure de l'uncus
6153;Diverticule de l'uncus
6154;Fornix
6155;Pilier du fornix
6156;Corps du fornix
6157;Ténia du fornix
6158;Colonne du fornix
6159;Ventral [Psalterium ventral]
6160;Commissure du fornix [hippocampe]
6161;Dorsal [Psalterium dorsal]
6162;Organe subfornical
6163;Sections du rhinencéphale
6164;Allocortex
6165;Couche moléculaire
6166;Couche pyramidale
6167;Couche granuleuse
6168;Paléocortex
6169;Péripaléocortex
6170;Archicortex
6171;Subiculum
6172;Pied de l'hippocampe
6173;Gyrus dentatus
6174;Péri-archicortex
6175;Voie olfactive intermédiaire
6176;Commissure rostrale
6177;Partie rostrale de la commissure rostrale
6178;Partie caudale de la commissure rostrale
6179;Stria terminalis de la commissure rostrale
6180;Corps amygdaloïde
6181;Noyau du tractus olfactif latéral
6182;Noyau cortical
6183;Noyau basal
6184;Noyau latéral
6185;Noyau central
6186;Noyau médial
6187;Plaque diagonale
6188;Noyaux septaux
6189;Fissure pseudosylvienne
6190;Fissure sylviienne [acérébrale latérale]
6191;Sillon ectosylvien rostral
6192;Sillon diagonale (Un)
6193;Sillon ectosylvien caudal
6194;Sillon présylvien
6195;Sillon proreus [orbitaire] (Un)
6196;Sillon suprasylvien moyen
6197;Sillon suprasylvien rostral
6198;Sillon suprasylvien caudal
6199;Sillon marginal [sagittal]
6200;Sillon ectomarginal [ectosagittal]
6201;Sillon endomarginal [endosagittal]
6202;Sillon ansatus
6203;Sillon postcruciate [postcentral] (Car)
6204;Sillon coronal
6205;Sillon cruciate [central]
6206;Sillon splénique
6207;Sillon suprasplénial
6208;Sillon oblique
6209;Sillon génual
6210;Sillon calcarin (Un)
6211;Sillon rostral interne (Un)
6212;Gyrus sylvien rostral
6213;Gyrus sylvien caudal
6214;Gyrus composite rostral
6215;Gyrus composite caudal
6216;Gyrus ectosylvien moyen
6217;Gyrus intersylvien
6218;Gyrus oblique rostral
6219;Gyrus oblique caudal
6220;Gyrus ectosylvien rostral
6221;Gyrus ectosylvien caudal
6222;Gyrus ectomarginal [ectosagittal] moyen
6223;Partie latérale (Un)
6224;Partie médiale (Un)
6225;Gyrus ectomarginal [ectosagittal] caudal
6226;Gyrus ectomarginal [ectosagittal] rostral
6227;Gyrus occipital
6228;Gyrus marginal [sagittal]
6229;Gyrus postcruciate [postcentral]
6230;Gyrus precruciatus [précentral]
6231;Gyrus proreus
6232;Gyrus du cingulum
6233;Insula (Un)
6234;Gyri de l'insula
6235;Limen de l'insula
6236;Opercule de l'insula
6237;Corps calleux
6238;Splénium du corps calleux
6239;Tronc du corps calleux
6240;Genou du corps calleux
6241;Rostre du corps calleux
6242;Sections du néopallium
6243;Néocortex [Isocortex]
6244;Couche moléculaire [plexiforme]
6245;Couche granuleuse externe
6246;Couche pyramidale externe
6247;Couche granuleuse interne
6248;Couche pyramidale interne
6249;Couche multiforme
6250;Cortex frontal
6251;Cortex pariétal
6252;Cortex temporal
6253;Cortex occipital
6254;Centre semi-ovale
6255;Fibres arquées cérébrales
6256;Cingulum
6257;Faisceau longitudinal supérieur
6258;Faisceau longitudinal inférieur
6259;Faisceau unciné
6260;Radiation du corps calleux
6261;Couronne rayonnante
6262;Radiation optique
6263;Radiation acoustique
6264;Corps strié
6265;Tête du noyau caudé
6266;Corps du noyau caudé
6267;Queue du noyau caudé
6268;Noyau accumbens
6269;Noyau lenticulaire
6270;Putamen
6271;Pallidum [Globus pallidus]
6272;Couche médullaire médiale
6273;Couche médullaire latérale
6274;Capsule interne
6275;Genou de la capsule interne
6276;Pilier rostral de la capsule interne
6277;Pilier caudal de la capsule interne
6278;Branche sublentiforme de la capsule interne
6279;Branche rétrolentiforme de la capsule interne
6280;Capsule externe
6281;Claustrum
6282;Capsule extrême
6283;Ventricule latéral
6284;Partie centrale
6285;Foramen interventriculaire
6286;Corne rostrale
6287;Corne temporale
6288;Noyau caudé
6289;Sillon thalamocaudé
6290;Strie terminale
6291;Lamina affixa
6292;Ténia choroïde
6293;Méninges
6294;Pachymeninge [Dure-mère]
6295;Dure mère du cerveau
6296;Faux du cerveau
6297;Tente du cervelet membraneuse
6298;Faux du cervelet
6299;Diaphragme de la selle
6300;Incisure de la tente du cervelet
6301;Cavité trigéminale
6302;Cavité sous-durale
6303;Dure-mère spinale
6304;Filum de la dure-mère spinale
6305;Cavité épidurale
6306;Leptoméninge
6307;Arachnoïde encéphalique
6308;Arachnoïde spinale
6309;Cavité sous-arachnoïdienne [Cavité leptoméningée]
6310;Liquide cérébrospinal
6311;Citernes sous-arachnoïdiennes
6312;Citerne cérébellomédullaire
6313;Citerne [fosse] valléculée latérale du cerveau
6314;Citerne chiasmatique
6315;Citerne interpédonculaire
6316;Granulations arachnoïdiennes
6317;Pia mater du cerveau
6318;Toile choroïdienne du quatrième ventricule
6319;Plexus choroïde du quatrième ventricule
6320;Toile choroïde du troisième ventricule
6321;Plexus choroïde du troisième ventricule
6322;Plexus choroïde du ventricule latéral
6323;Glomus choroïdien
6324;Pie-mère de la moelle épinière
6325;Ligament dentelé
6326;Septum intermédiaire
6327;Système nerveux périphérique
6328;Nerf
6329;Ganglion
6330;Branche communiquante
6331;Rameau musculaire
6332;Nerf cutané
6333;Nerf articulaire
6334;Nerf vasculaire
6335;Plexus péri-artériel
6336;Plexus nerveux spinal
6337;Corpuscule nerveux terminal
6338;Terminaisons nerveuses libres
6339;Nerfs crâniens
6340;Nerfs olfactifs
6341;Nerf voméronasal
6342;Nerf terminal
6343;Ganglion terminal
6344;Nerf optique
6345;Nerf oculomoteur
6346;Branche dorsale du nerf oculomoteur
6347;Branche ventrale du nerf oculomoteur
6348;Ganglion ciliaire
6349;Racine oculomotrice
6350;Nerfs ciliaires courts
6351;(Branche sympathique du ganglion ciliaire)
6352;Branche communiquante avec le nerf nasociliaire
6353;Nerf trochléaire
6354;Nerf trijumeau
6355;Racine majeure du nerf trijumeau
6356;Ganglion trigéminal
6357;Racine mineure du nerf trijumeau
6358;Nerf ophtalmique
6359;Branche méningée du nerf ophtalmique
6360;Nerf lacrymal
6361;Nerf frontal
6362;Nerf du sinus frontal
6363;Nerf supra-orbitaire
6364;Nerf supratrochléaire
6365;Nerf nasociliaire
6366;Branche communiquante avec le ganglion ciliaire
6367;Nerfs ciliaires longs
6368;Nerf ethmoïdal
6369;Branche nasale latérale
6370;Branche nasale médiale
6371;Branches nasales externes (Car)
6372;Nerf infratrochléaire
6373;Branches du sinus frontal (eq)
6374;Branches palpébrales du nerf infratrochléaire
6375;Branches cornuales (cap)
6376;Nerf maxillaire
6377;Branche méningée du nerf maxillaire
6378;Nerf zygomatique
6379;Branche zygomaticotemporale
6380;Branche cornuale (Ru)
6381;Branche communiquante avec le nerf lacrymal
6382;Branche zygomaticofaciale
6383;Branche zygomaticofaciale accessoire
6384;Nerf ptérygopalatin
6385;Nerf petit palatin
6386;Nerf grand palatin
6387;Nerf palatin accessoire
6388;Branches nasales caudales ventrales (eq)
6389;Nerf nasal caudal
6390;Nerf nasopalatin
6391;Nerf infra-orbitaire
6392;Branches alvéolaires supérieures caudales
6393;Branches alvéolaires supérieures moyennes
6394;Branches alvéolaires supérieures rostrales
6395;Plexus dentaire supérieur
6396;Branches dentaires supérieures
6397;Branches gingivales supérieures
6398;Branches nasales externes
6399;Branches nasales internes
6400;Branches labiales supérieures
6401;Ganglion ptérygopalatin
6402;Branches orbitales
6403;Nerf du canal ptérygoïdien
6404;Nerf pétreux profond
6405;Branche communiquante avec le nerf petit palatin
6406;Branches communiquantes avec le nerf grand palatin
6407;Branches communiquantes avec le nerf nasal caudal
6408;Nerf mandibulaire
6409;Branche méningée du nerf mandibulaire
6410;Nerf masticateur
6411;Nerf massétérique
6412;Nerfs temporaux profonds
6413;Nerf ptérygoïdien latéral
6414;Nerf ptérygoïdien médial
6415;Nerf tenseur du tympan
6416;Nerf tenseur du voile du palais
6417;Nerf buccal
6418;Nerf auriculotemporal
6419;Nerf du méat acoustique externe
6420;Branche de la membrane tympanique
6421;Branches parotides
6422;Nerfs auriculaires rostraux
6423;Branche transversale du visage
6424;Branches communiquantes avec le nerf facial
6425;Nerf lingual
6426;Branches de la gorge
6427;Branche communiquante avec la corde tympanique
6428;Nerf sublingual
6429;Branches linguales du nerf sublingual
6430;Branches communiquantes avec le nerf hypoglosse
6431;Nerf alvéolaire inférieur
6432;Nerf mylohyoïdien
6433;Branches alvéolaires inférieures caudales
6434;Branches alvéolaires inférieures moyennes
6435;Branche alvéolaire inférieure rostrale
6436;Plexus dentaire inférieur
6437;Branches dentaires inférieures
6438;Branches gingivales inférieures
6439;Nerf mentonnier (Ru, eq)
6440;Branches mentales du nerf mentonnier
6441;Branches labiales inférieures du nerf mentonnier
6442;Nerfs mentonniers (Car,su)
6443;Branches communiquantes avec le nerf buccal
6444;Branches communiquantes avec le nerf auriculotemporal
6445;Ganglion mandibulaire
6446;(Rameau sympathique du ganglion mandibulaire)
6447;Br. communiquantes des nerfs mentonniers avec le nerf lingual
6448;Branches glandulaires des nerfs mentonniers
6449;Ganglion sublingual (Car)
6450;Branches communiquantes avec le nerf lingual
6451;Branches glandulaires
6452;Nerf abducens
6453;Nerf facial [nerf intermédiofacial]
6454;Geniculum du nerf facial
6455;Nerf grand pétreux
6456;Nerf du muscle stapédien
6457;Branche auriculaire interne
6458;Nerf auriculaire caudal
6459;Branche digastrique
6460;Branche stylohyoïdienne
6461;Plexus parotidien
6462;Nerf auriculopalpébral
6463;Branches auriculaires rostrales
6464;Branche zygomatique
6465;Branches palpébrales
6466;Branches buccales
6467;Branches buccolabiales
6468;Branche mandibulaire marginale
6469;Ramus colli
6470;Nerf intermédiaire
6471;Ganglion géniculé
6472;Corde du tympan
6473;Nerf vestibulocochléaire
6474;Racine vestibulaire
6475;Racine cochléaire
6476;Nerf vestibulaire
6477;Ganglion vestibulaire
6478;Partie supérieure du ganglion vestibulaire
6479;Partie inférieure du ganglion vestibulaire
6480;Nerf utriculo-ampullaire
6481;Nerf utriculaire
6482;Nerf ampullaire antérieur
6483;Nerf ampullaire latéral
6484;Nerf ampullaire postérieur
6485;Nerf sacculaire
6486;Nerf cochléaire
6487;Ganglion spiral de la cochlée
6488;Nerf glossopharyngien
6489;Ganglion proximal du nerf glossopharyngien
6490;Ganglion distal du nerf glossopharyngien
6491;Nerf tympanique
6492;Plexus nerveux tympanique
6493;Nerf petit pétreux
6494;Nerfs caroticotympaniques
6495;Branche tubaire du nerf caroticotympanique
6496;Branche du sinus carotidien
6497;Branche du muscle stylopharyngien caudal
6498;Branche pharyngée
6499;Ganglion latéropharyngé (bo, ov)
6500;Branche linguale
6501;Branches amygdaliennes
6502;Nerf vague
6503;Ganglion proximal du nerf vague
6504;Ganglion distal du nerf vague
6505;Branche méningée du nerf vague
6506;Branche communiquante avec le nerf glossopharyngien
6507;Branche auriculaire
6508;Branches pharyngées
6509;Plexus pharyngien
6510;Branche œsophagienne
6511;Nerf laryngé crânial
6512;Branche externe du nerf laryngé crânial
6513;Branche interne du nerf laryngé crânial
6514;Branche communiquante avec le nerf laryngé caudal
6515;Nerf dépresseur
6516;Tronc vagosympathique
6517;Branches cardiaques
6518;Nerf laryngé récurrent
6519;Branches trachéales
6520;Branches œsophagiennes du nerf laryngé récurrent
6521;Nerf laryngé caudal
6522;Branches bronchiques
6523;Plexus pulmonaire
6524;Branches œsophagiennes du plexus pulmonaire
6525;[Plexus œsophagien]
6526;Tronc vagal ventral
6527;Branches gastriques pariétales
6528;Branche communiquante du tronc vagal ventral
6529;Branches atriales ruminantes du tronc vagal ventral
6530;Branches réticulaires crâniales
6531;Branche pylorique
6532;Branches hépatiques
6533;Branches duodénales
6534;Branches du sillon ventriculaire du tronc vagal ventral
6535;Branches omasiales du tronc vagal ventral
6536;Rameaux abomasiaux pariétaux
6537;Tronc vagal dorsal
6538;Branches gastriques viscérales
6539;Branches atriales ruminales
6540;Branches coeliaques
6541;Branches rénales
6542;Branches dorsales du rumen
6543;Branche ruminale droite
6544;Branche du sillon crânial
6545;Branches du sillon ventriculaire
6546;Branches réticulaires caudales
6547;Branche de la grande courbure de l'abomasum
6548;Branches omasiales
6549;Branches abomasiales viscérales
6550;Nerf accessoire
6551;Racines crâniales du nerf accessoire
6552;Racines spinales du nerf accessoire
6553;Branche interne du nerf accessoire
6554;Branche externe du nerf accessoire
6555;Branche dorsale du nerf accessoire
6556;Branche ventrale du nerf accessoire
6557;Nerf hypoglosse
6558;Branches linguales du nerf hypoglosse
6559;Nerfs spinaux
6560;Fils radicaux
6561;Racine ventrale
6562;Racine dorsale
6563;Ganglion spinal
6564;Branche ventrale
6565;Branche dorsale des nerfs spinaux
6566;Rameaux communiquants des nerfs spinaux
6567;Branche méningée des nerfs spinaux
6568;Queue-de-cheval
6569;Anses
6570;Nerfs cervicaux
6571;Branches dorsales des nerfs cervicaux
6572;Branche médiale des nerfs cervicaux
6573;Branche cutanée dorsale
6574;Branche latérale des nerfs cervicaux
6575;Nerf suboccipital
6576;Nerf grand occipital
6577;Branches ventrales
6578;Nerf grand auriculaire
6579;Nerf transverse du cou
6580;Branches crâniales du nerf transverse du cou
6581;Branches caudales du nerf transverse du cou
6582;Nerfs supraclaviculaires
6583;Nerfs sous-claviculaires ventraux
6584;Nerfs supraclaviculaires intermédiaires
6585;Nerfs supraclaviculaires dorsaux
6586;Plexus cervical
6587;Cercle cervical
6588;Racine crâniale
6589;Racine caudale
6590;Nerf phrénique
6591;Branches péricardiques
6592;Plexus brachial
6593;Racines du plexus
6594;Troncs du plexus
6595;Nerf dorsal de la scapula
6596;Nerf sous-clavier
6597;Nerf suprascapulaire
6598;Nerfs sous-scapulaires
6599;Nerf musculocutané
6600;Branche musculaire proximale
6601;Anse axillaire
6602;Branche communiquante avec le nerf médian (Car)
6603;Branche musculaire distale
6604;Nerf cutané médial de l'avant-bras
6605;Nerf axillaire
6606;Branches musculaires du nerf axillaire
6607;Nerf cutané brachial latéral crânial
6608;Nerf cutané antébrachial crânial
6609;Nerfs pectoraux crâniaux
6610;Nerf thoracique long
6611;Nerf thoracodorsal
6612;Nerf thoracique latéral
6613;Nerfs pectoraux caudaux
6614;Nerf radial
6615;Branches musculaires du nerf radial
6616;Nerf cutané latéral caudal du bras
6617;Branche profonde du nerf cutané caudal latéral du bras
6618;Branches musclaire du nerf cutané caudal latéral du bras
6619;Branche superficielle du nerf cutané brachial latéral caudal
6620;Nerf cutané latéral de l'avant-bras
6621;Branche latérale (Car, su)
6622;Branche médiale (Car, su)
6623;Nerfs digitaux dorsaux communs
6624;Nerfs digitaux dorsaux propres
6625;Nerf dorsal abaxial du I (Car)
6626;Nerf médian
6627;Racine médiale du nerf médian
6628;Racine latérale du nerf médian
6629;Branches musculaires du nerf médian
6630;Nerf interosseux de l'avant-bras
6631;Nerf digital palmaire abaxial du I
6632;Nerf digital palmaire commun du I
6633;Nerf digital palmaire axial propre du I
6634;Nerf digital palmaire abaxial propre du II
6635;Nerf digital palmaire commun du III
6636;Nerf digital palmaire axial propre du III
6637;Nerf digital palmaire axial propre du IV
6638;Branche communicante (fe)
6639;Nerf digital palmaire abaxial du II
6640;Nerf digital palmaire commun du II
6641;Nerf digital palmaire propre du II
6642;Nerf digital palmaire abaxial propre du III
6643;Nerf digital palmaire axial du III
6644;Nerf digital palmaire axial du IV
6645;Branche communiquante des nerfs digitaux palmaires
6646;Nerf palmaire médial [Nerf digital palmaire commun du II]
6647;Nerf digital palmaire médial
6648;Branche dorsale des nerfs digitaux palmaires médiaux
6649;Nerf métacarpien palmaire médial
6650;Nerf métacarpien palmaire latéral
6651;Branches articulaires carpiennes
6652;Nerf interosseux moyen
6653;Nerf digital palmaire latéral
6654;Branche dorsale des nerfs digitaux palmaires latéraux
6655;Nerf ulnaire
6656;Nerf cutané caudal de l'avant-bras
6657;Branches musculaires des nerfs cutanés antébraquiaux caudaux
6658;Branche dorsale du nerf cutané caudal de l'avant-bras
6659;Nerf digital dorsal commun du IV (fe)
6660;Nerf digital dorsal abaxial propre du IV (fe)
6661;Nerf digital dorsal axial propre du V (fe)
6662;Nerf digital palmaire commun du IV
6663;Nerf digital palmaire abaxial propre du IV
6664;Nerf digital palmaire axial propre du V
6665;Nerf digital palmaire abaxial du V
6666;Nerfs métacarpiens palmaires (ca)
6667;Branche dorsale du nerf métacarpien palmaire (ca)
6668;Branche palmaire du nerf digitale dorsale abaxiale V
6669;Branche superficielle du nerf digitale dorsale abaxiale V
6670;Branche profonde du nerf digital palmaire abaxial V
6671;Branche dorsale du nerf palmaire abaxial du V
6672;Nerf digital dorsal propre du V
6673;Branche palmaire du nerf digital dorsal propre du V
6674;Branche superficielle du nerf digital dorsal propre du V
6675;Nerf digital palmaire propre du V
6676;Branche profonde du nerf digital palmaire propre du V
6677;Branche dorsale du nerf digital palmaire propre du V
6678;Branche palmaire du nerf digital palmaire propre du V
6679;Branche superficielle du nerf digital palmaire propre du V
6680;Nerf palmaire lat. [N. digital palmaire commun du III]
6681;Branche profonde du nerf palmaire latéral
6682;Branches articulaires du nerf métacarpien palmaire latéral
6683;Branche dorsale du nerf digital palmaire latéral [propre]
6684;Nerfs thoraciques
6685;Branches dorsales du nerf thoracique
6686;Branche médiale du nerf thoracique
6687;Branche latérale du nerf thoracique
6688;Branche cutanée médiale des nerfs thoraciques
6689;Branche cutanée latérale des nerfs thoraciques
6690;Branches ventrales [Nerfs intercostaux]
6691;Branche cutanée latérale [pectorale et abdominale]
6692;Branches mammaires latérales
6693;Nerf intercostobrachial
6694;Branche cutanée ventrale [pectorale et abdominale]
6695;Branches mammaires médiales
6696;Nerf costo-abdominal
6697;Nerfs lombaires
6698;Branches dorsales des nerfs lombaires
6699;Branche médiale des nerfs lombaires
6700;Branche latérale des nerfs lombaires
6701;Branche cutanée médiale des nerfs lombaires
6702;Branche cutanée latérale des nerfs lombaires
6703;Nerfs clunéaux craniaux
6704;Branches ventrales des nerfs clunéaux craniaux
6705;Nerfs sacraux
6706;Branches dorsales des nerfs sacrés
6707;Branche médiale des nerfs sacrés
6708;Branche latérale des nerfs sacrés
6709;Nerfs clunéaux moyens
6710;Rameaux ventraux des nerfs clunéaux moyens
6711;Plexus lombosacral
6712;Racines du plexus lombosacré
6713;Tronc du plexus lombosacré
6714;Plexus lombaire
6715;Nerf iliohypogastrique
6716;Branche cutanée latérale du nerf iliohypogastrique
6717;Branche cutanée ventrale du nerf iliohypogastrique
6718;Nerf iliohypogastrique crânial
6719;Branche cutanée latérale du nerf iliohypogastrique crânial
6720;Branche cutanée ventrale du nerf iliohypogastrique crânial
6721;Nerf iliohypogastrique caudal
6722;Branche cutanée latérale du nerf iliohypogastrique caudal
6723;Branche cutanée ventrale du nerf iliohypogastrique caudal
6724;Nerf ilio-inguinal
6725;Branche cutanée latérale du nerf ilio-inguinal
6726;Branche cutanée ventrale
6727;Nerf génitofémoral
6728;Branche génitale
6729;Branche fémorale
6730;Nerf cutané du nerf fémoral latéral
6731;Nerf fémoral
6732;Branches musculaires du nerf fémoral
6733;Nerf saphène
6734;Branches musculaires du nerf saphène
6735;Branches cutanées du nerf saphène
6736;Nerf obturateur
6737;Branche crâniale du nerf obturateur
6738;Branche caudale du nerf obturateur
6739;Plexus sacral
6740;Tronc lombosacral
6741;Nerf fessier crânial
6742;Nerf fessier caudal
6743;Nerf cutané fémoral caudal
6744;Nerfs clunéaux caudaux
6745;Nerf sciatique
6746;Branches musculaires du nerf ischiatique
6747;Nerf fibulaire commun
6748;Nerf cutané sural latéral
6749;Branches musculaires du nerf cutané sural latéral
6750;Nerf fibulaire superficiel
6751;Branches musculaires du nerf fibulaire superficiel
6752;Branches cutanées du nerf fibulaire superficiel
6753;Nerf digital dorsal abaxial du II
6754;Nerf digital dorsal commun du II du pied
6755;Nerf digital dorsal axial propre du II du pied
6756;Nerf digital dorsal abaxialis propre du III du pied
6757;Nerf digital dorsal commun du III du pied
6758;Nerf digital dorsal axial propre du III du pied
6759;Nerf digital dorsal axial propre du IV du pied
6760;Nerf digital dorsal commun du IV du pied
6761;Nerf digital dorsal abaxial propre du IV du pied
6762;Nerf digital dorsal axial propre du V du pied
6763;Nerf digital dorsal V abaxial
6764;Nerf digital dorsal commun II
6765;Branches cutanées du nerf digital dorsal commun du II
6766;Nerf digital dorsal axial propre du II
6767;Nerf digital dorsal abaxial propre du III
6768;Nerf digital dorsal commun du III
6769;Branches cutanées du nerf digital dorsal commun du III
6770;Branche communiquante avec le nerf métatarsien dorsal du III
6771;Nerf digital dorsal axial propre du III
6772;Nerf digital dorsal axial propre du IV
6773;Nerf digital dorsal commun du IV
6774;Branches cutanées du nerf digital dorsal commun du IV
6775;Nerf digital dorsal propre abaxial du IV
6776;Nerf digital dorsal axial propre du V
6777;Nerf fibulaire profond
6778;Branches musculaires du nerf fibulaire profond
6779;Nerf métatarsien dorsal du II (Car)
6780;Nerf métatarsien dorsal du IV (Car)
6781;Nerf métatarsien dorsal du III
6782;Br. comm. avec le n. digital plantaire axial propre du III
6783;Br. communiquante avec le n. digital plantaire axial du IV
6784;Nerf métatarsien dorsal du II
6785;Nerf digital dorsal médial du III
6786;Nerf digital dorsal latéral du III
6787;Nerf tibial
6788;Branches musculaires du nerf tibial
6789;Nerf cutané sural caudal
6790;Nerf cutané sural caudal proximal (Car)
6791;Nerf cutané sural caudal distal (Car)
6792;Branches cutanées [Branche cutanée tarsienne médiale, eq]
6793;Nerf plantaire médial
6794;Nerf digital plantaire abaxial du II
6795;Nerf digital plantaire commun du II
6796;Nerf digital plantaire axial propre du II
6797;Nerf digital plantaire abaxial propre du III
6798;Nerf digital plantaire commun du III
6799;Br. communiqu. avec le nerf digital plant. commun du IV (su)
6800;Nerf digital plantaire axial du III
6801;Nerf digital plantaire axial propre du IV
6802;Nerf digital plantaire commun du IV (Car)
6803;Nerf plantaire latéral
6804;Branche profonde du nerf digital plantaire propre axial du V
6805;Br. profonde du n. digital plantaire axial propre du V (Car)
6806;Nerf digital plantaire commun du IV (su)
6807;Nerf digital plantaire abaxial du V
6808;Nerf digital plantaire propre du II
6809;Br. communiqu. avec le n. digital dorsal abaxial. du III
6810;Nerf digital plantaire commun du IV
6811;Br. communiquante du nerf digital dorsal propre abaxial du IV
6812;Nerf digital plantaire propre du V
6813;Nerf plantaire med. [N. digital plantaire commun du II]
6814;Branche communiquante du nerf plantaire médial
6815;Nerf digital plantaire médial
6816;Branche dorsale du nerf digital plantaire médial
6817;Nerf plantaire lat. [N. digital plantaire commun du III]
6818;Branche profonde du nerf plantaire latéral
6819;Nerfs métatarsiens plantaires
6820;Nerf digital plantaire latéral
6821;Branche dorsale du nerf digital plantaire latéral
6822;Branche musculaire coccygienne
6823;Branches du muscle élévateur de l'anus
6824;Nerf pudendal
6825;Branches cutanées du nerf pudendal
6826;Branche communiquante avec le nerf cutané fémoral caudal
6827;Nerf périnéal profond
6828;Nerf périnéal superficiel
6829;Nerfs scrotaux dorsaux
6830;Nerfs labiaux
6831;Branche prépuciale et scrotale
6832;Branche mammaire
6833;Nerf dorsal du pénis
6834;Nerf dorsal du clitoris
6835;Nerfs rectaux caudaux
6836;Branches communiquantes avec le nerf pudendal
6837;Branches musculaires des nerfs rectaux caudaux
6838;Branches cutanées des nerfs rectaux caudaux
6839;Nerfs caudaux [coccygiens]
6840;Branches dorsales des nerfs caudaux
6841;Plexus caudal [coccygien] dorsal
6842;Branches ventrales du plexus caudal
6843;Plexus caudal [coccygien] ventral
6844;Système nerveux autonome
6845;Plexus autonome
6846;Ganglions des plexus autonomes
6847;Ganglions autonomes
6848;Plexus aortique thoracique
6849;Plexus cardiaque
6850;Ganglions cardiaques
6851;Plexus œsophagien
6852;Rameaux pulmonaires
6853;Plexus pulmonaires
6854;Plexus aortique abdominal
6855;Plexus coeliaque
6856;Ganglions coeliaques
6857;Plexus mésentérique crânial
6858;Ganglion mésentérique crânial
6859;Plexus intermésentérique
6860;Plexus mésentérique caudal
6861;Ganglion mésentérique caudal
6862;Ganglions aorticorénaux
6863;Ganglions phréniques
6864;Plexus hépatique
6865;Plexus splénique
6866;Plexus gastrique
6867;Plexus ruminal droit
6868;Plexus ruminal gauche
6869;Plexus réticulaire
6870;Plexus pancréatique
6871;Plexus surrénal
6872;Plexus rénal
6873;Ganglions rénaux
6874;Plexus urétérique
6875;Plexus testiculaire
6876;Plexus ovarien
6877;Plexus colique
6878;Plexus rectal crânial
6879;Plexus entérique
6880;Plexus sous-séreux
6881;Plexus myentérique
6882;Plexus sous-muqueux
6883;Plexus iliaque
6884;Plexus fémoral
6885;Nerf hypogastrique
6886;Plexus pelvien
6887;Plexus rectaux moyens
6888;Plexus rectaux caudaux
6889;Plexus prostatique
6890;Plexus déférentiel
6891;Plexus utérovaginal
6892;Nerfs vaginaux
6893;Plexus urinaire
6894;Nerfs du corps caverneux du pénis
6895;Nerfs du corps caverneux du clitoris
6896;Partie sympathique
6897;Tronc sympathique
6898;Ganglions du tronc sympathique
6899;Ganglions intermédiaires
6900;Branches interganglionnaires
6901;Branches communiquantes
6902;Ganglion cervical crânial
6903;Nerf jugulaire
6904;Nerf carotidien interne
6905;Plexus carotidien interne
6906;Nerfs carotidiens externes
6907;Plexus carotidien externe
6908;Plexus carotidien commun
6909;Branches laryngopharyngées
6910;Ganglion cervical moyen
6911;Nerf cardiaque cervical
6912;Ganglion cervicothoracique
6913;Cercle subclavier
6914;Plexus subclavier
6915;Nerf vertébral
6916;Plexus vertébral
6917;Nerfs cardiaques cervicaux
6918;Ganglions thoraciques
6919;Nerfs cardiaques thoraciques
6920;Grand nerf splanchnique
6921;Ganglion splanchnique
6922;Nerf splanchnique mineur
6923;Branche rénale
6924;(Nerf splanchnique imus)
6925;Ganglions lombaires
6926;Nerf splanchniques lombaires
6927;Ganglions sacrés
6928;Nerfs splanchniques sacrés
6929;Ganglions caudaux [coccygiens]
6930;Ganglion impair
6931;Partie parasympathique
6932;Ganglion otique
6933;Ganglion sublingual
6934;Nerfs pelviens
6935;Ganglions pelviens
6936;Parties du cervelet
6937;Lingula LoBursa I
6938;Lobulus centralis LoBursa II
6939;Pars rostralis LoBursa III
6940;Culmen LoBursa IV 
6941;Pars caudalis LoBursa V
6942;Declive LoBursa VI
6943;Folium vermis LoBursa VII A
6944;Tuber vermis LoBursa VII B
6945;Pyramis LoBursa VIII A
6946;Pyramis LoBursa VIII B 
6947;Uvula LoBursa IX
6948;Nodulus LoBursa X
6949;Hémisphère
6950;Lob. H. I Vinculum lingulae
6951;Lob. H. II Ala lobuli centralis
6952;Lob. H. III Pars rostralis Lobulus quadrangularis
6953;Lob. H. IV Pars caudalis Lobulus quadrangularis
6954;Lob. H. V Pars caudalis Lobulus quadrangularis
6955;Fissure primaire
6956;Lobe caudal
6957;Lob. H. VI Lobulus simplex
6958;Lob. H. VII A Crus rostrale Lobulus ansiformis
6959;Lob. H. VII B Crus caudale Lobulus ansiformis
6960;Lob. H. VIII A Lobulus paramedianus
6961;Lob. H. VIII B Paraflocculus dorsalis
6962;Lob. H. IX Paraflocculus ventralis
6963;Lob. H. X Flocculus
6964;Organes des sens
6965;Organe visuel
6966;Gaine externe du nerf optique
6967;Gaine interne du nerf optique
6968;Espaces intervaginaux
6969;Pôle antérieur
6970;Pôle postérieur
6971;Équateur
6972;Méridiens
6973;Axe externe du bulbe
6974;Axe interne du bulbe
6975;Axe optique
6976;Couche fibreuse du bulbe
6977;Sclère
6978;Sillon de la sclère
6979;Anneau de la sclère
6980;Sinus veineux sclérotique
6981;Plexus veineux sclérotique
6982;Couche épisclérale
6983;Substance propre de la sclère
6984;Couche de sclérotique brune
6985;Zone criblée de la sclère
6986;Cornée
6987;Anneau conjonctival
6988;Limbe de la cornée
6989;Vertex de la cornée
6990;Face antérieure de la cornée
6991;Face postérieure de la cornée
6992;Épithélium de la cornée antérieure
6993;Couche limitante antérieure
6994;Substance propre de la cornée
6995;Lame limitante postérieure
6996;Épithélium postérieur de la cornée
6997;Couche vasculaire du bulbe
6998;Choroïde
6999;Couche suprachoroïde
7000;Espace périchoroïdien
7001;Couche vasculaire
7002;Tapetum lucidum
7003;Couche choroïdocapillaire
7004;Complexe basal
7005;Corps ciliaire
7006;Couronne ciliaire
7007;Processus ciliaires
7008;Plis ciliaires
7009;Orbe ciliaire
7010;Muscle ciliaire
7011;Fibres méridiennes
7012;Fibres circulaires
7013;Lame basale
7014;Iris
7015;Bord pupillaire
7016;Granules de l'iris
7017;Bord ciliaire
7018;Face antérieure
7019;Face postérieure
7020;Grand anneau de l'iris
7021;Petit anneau de l'iris
7022;Plis de l'iris
7023;Pupille
7024;Muscle sphincter de la pupille
7025;Muscle dilatateur de la pupille
7026;Stroma de l'iris
7027;Épithélium pigmenté
7028;Ligament pectiné de l'angle iridocornéen
7029;Espace angulaires iridocornéaux
7030;Grand cercle artériel de l'iris
7031;Petit cercle artériel de l'iris
7032;Couche interne du bulbe
7033;Rétine
7034;Partie optique de la rétine
7035;Ora serrata
7036;Partie aveugle de la rétine
7037;Partie ciliaire de la rétine
7038;Partie irienne de la rétine
7039;Disque du nerf optique
7040;Disque excavé
7041;Macula
7042;Zone centrale ronde
7043;Zone centrale striée
7044;Fossette centrale
7045;Couche pigmentée
7046;Couche pigmentée de la rétine
7047;Couche pigmentée du corps ciliaire
7048;Couche pigmentée de l'iris
7049;Couche nerveuse
7050;Vaisseaux sanguins de la rétine
7051;Cercle vasculaire du nerf optique
7052;Branches de l'artère [vénule] centrale de la rétine
7053;Artériole [Veinule] latérale de la rétine dorsale
7054;Artériole [Veinule] latérale de la rétine ventrale
7055;Artériole [Veinule] médiale de la rétine dorsale
7056;Artériole [Veinule] médiale de la rétine ventrale
7057;Artériole [Veinule] maculaire ventral
7058;Artériole [Veinule] maculaire de la rétine
7059;Artériole [Veinule] médiale de la rétine
7060;Chambre antérieure du bulbe
7061;Angle iridocornéal
7062;Chambre postérieure du bulbe
7063;Chambre vitrée du bulbe
7064;Corps vitré
7065;(Processus hyaloïde)
7066;Canal hyaloïde
7067;(Cône papillaire)
7068;Fosse hyaloïde
7069;Membrane vitrée
7070;Stroma vitré
7071;Humeur vitrée
7072;Cristallin
7073;Substance du cristallin
7074;Cortex du cristallin
7075;Noyau du cristallin
7076;Fibres du cristallin
7077;Rayons du cristallin
7078;Épithélium du cristallin
7079;Capsule du cristallin
7080;Pôle antérieur du cristallin
7081;Pôle postérieur du cristallin
7082;Face antérieure du cristallin
7083;Face postérieure du cristallin
7084;Axe du cristallin
7085;Equateur du cristallin
7086;Zonule ciliaire
7087;Fibres zonulaires
7088;Espaces zonulaires
7089;Organes oculaires accessoires
7090;Muscles du globe oculaire
7091;Muscle orbitaire
7092;Muscle droit dorsal
7093;Muscle droit ventral
7094;Muscle droit médial de l'œil
7095;Muscle droit latéral de l'œil
7096;Muscle rétracteur du bulbe
7097;Muscle oblique dorsal
7098;Trochlée
7099;Muscle oblique ventral
7100;Muscle releveur de la paupière supérieure
7101;Fascias orbitaux
7102;Péri-orbite
7103;Septum orbitaire
7104;Fascias musculaires
7105;Gaine du bulbe
7106;Espace épiscléral
7107;Corps adipeux de l'orbite
7108;Corps gras intrapériorbitaire
7109;Corps gras extra-périorbitaire
7110;Paupières
7111;Face antérieure des paupières
7112;Face postérieure des paupières
7113;Commissure latérale des paupières
7114;Commissure médiale des paupières
7115;Angle latéral de l'oeil
7116;Angle médial de l'oeil
7117;Membre palpébral antérieur
7118;Membre palpébral postérieur
7119;Glandes ciliaires de l'oeil
7120;Glandes sébacées de l'oeil
7121;Tarse supérieur
7122;Tarse inférieur
7123;Ligament palpébral médial
7124;Raphé palpébral latéral
7125;Ligament palpébral latéral
7126;Glandes tarsales
7127;Muscle tarsal supérieur
7128;Muscle tarsal inférieur
7129;Couche conjonctive
7130;Troisième paupière
7131;Cartilage
7132;Glande superficielle
7133;Glande profonde
7134;Caroncule lacrymale
7135;Glande lacrymale caronculaire
7136;Couche conjonctive du bulbe
7137;Couche conjonctive des paupières
7138;Fornix conjonctif supérieure
7139;Fornix conjonctif inférieure
7140;Sac conjonctival
7141;Glandes conjonctivales
7142;Lymphonoeuds agrégés conjonctivaux
7143;Appareil lacrymal
7144;Glande lacrymale
7145;Conduits excréteurs
7146;(Ganglions lacrimaux accessoires)
7147;Rivus lacrimalis
7148;Lac lacrymal
7149;Point lacrymal
7150;Canalicule lacrymal
7151;Sac lacrymal
7152;Fornix du sac lacrymal
7153;Canal lacrymonasal
7154;Pli lacrymal
7155;Organe vestibulocochléaire
7156;Oreille interne
7157;Labyrinthe membraneux
7158;Canal endolymphatique
7159;Sac endolymphatique
7160;Canal utriculosacculaire
7161;Utricule
7162;Conduits semicirculaires
7163;Conduit semicirculaire antérieur
7164;Conduit semicirculaire postérieur
7165;Conduit semicirculaire latéral
7166;Membrane propre du conduit semicirculaire
7167;Membrane basale du conduit semicirculaire
7168;Épithélium du canal semicirculaire
7169;Ampoules membraneuses
7170;Ampoule membraneuse antérieure
7171;Ampoule membraneuse postérieure
7172;Ampoule membraneuse latérale
7173;Crête ampullaire
7174;Cupule
7175;Jambes membraneuses
7176;Branche membraneuse simple
7177;Branches membraneuses ampullaires
7178;Branche membraneuse commune
7179;Ductus reuniens
7180;Saccule
7181;Macules
7182;Macule de l'utricule
7183;Macule du saccule
7184;Statoconie
7185;Membrane de la statoconiorum
7186;Endolymphe
7187;Périlymphe
7188;Espace périlymphatique
7189;Rampe vestibulaire
7190;Rampe tympanique
7191;Canal périlymphatique
7192;Canal cochléaire
7193;Caecum cupulaire
7194;Caecum vestibulaire
7195;Paroi tympanique du conduit cochléaire
7196;[Membrane spirale]
7197;Organe spiral
7198;Membrane basilaire
7199;Crête spirale [Ligament spiral]
7200;Paroi interne du conduit cochléaire
7201;Foramens nerveux
7202;Limbe de la lame spirale osseuse
7203;Lèvre du membre vestibulaire
7204;Lèvre du membre tympanique
7205;Dents acoustiques
7206;Sillon spiral interne
7207;Sillon spiral externe
7208;Membrane réticulaire
7209;Vaisseau spiral
7210;Paroi vestibulaire du conduit cochléaire
7211;[Membrane vestibulaire]
7212;Paroi externe du canal cochléaire
7213;Crête basilaire
7214;Poéminence spirale
7215;Vaisseau proéminent
7216;Strie vasculaire
7217;Vaisseaux de l'oreille interne
7218;Branches vestibulaires
7219;Branche cochléaire
7220;Glomérule artériel de la cochlée
7221;Veine spirale du modiolus
7222;Veines vestibulaires
7223;Veine de l'aqueduc du vestibule
7224;Veine du canalicule cochléaire
7225;Labyrinthe osseux
7226;Vestibule
7227;Récessus sphérique
7228;Récessus elliptique
7229;Crête vestibulaire
7230;Récessus cochléaire
7231;Macules criblées
7232;Canaux semicirculaires
7233;Canal semicirculaire antérieur
7234;Canal semicirculaire postérieur
7235;Canal semicirculaire latéral
7236;Ampoules osseuses
7237;Ampoule osseuse antérieure
7238;Ampoule osseuse postérieure
7239;Ampoule osseuse latérale
7240;Jambes osseuses
7241;Branche osseuse commune
7242;Branche osseuse simple
7243;Branches osseuses ampullaires
7244;Cochlée
7245;Cupule cochléaire
7246;Base de la cochlée
7247;Canal spiral de la cochlée
7248;Modiolus
7249;Base du modiolus
7250;Lame du modiolus
7251;Canal spiral du modiolus
7252;Canaux longitudinaux du modiolus
7253;Lame spirale osseuse
7254;Crochet de la lame spirale
7255;Hélicotréma
7256;Lame spirale secondaire
7257;Fond du méat acoustique interne
7258;Crête transverse
7259;Zone du nerf facial [intermediofacial]
7260;Zone de la cochlée
7261;Tractus spiralé foraminé
7262;Aire vestibulaire supérieure
7263;Aire vestibulaire inférieure
7264;Foramen singulaire
7265;Oreille moyenne
7266;Paroi tegmentale
7267;Récessus épitympanique
7268;Partie de la cupule
7269;Paroi jugulaire
7270;Paroi labyrinthique
7271;Fenêtre vestibulaire
7272;Promontoire
7273;Sinus tympanique
7274;Fenêtre cochléaire
7275;Membrane tympanique secondaire
7276;Paroi mastoïdienne
7277;Annexe mastoïdienne
7278;Cellules tympaniques
7279;Ouverture tympanique du canalicule de la corde du tympan
7280;Paroi carotidienne de l'oreille moyenne
7281;Paroi membraneuse de l'oreille moyenne
7282;Membrane tympanique
7283;Partie flasque
7284;Partie tendue
7285;Pli malléaire rostral
7286;Pli malléaire caudal
7287;Proéminence malléaire
7288;Strie malléaire
7289;Ombilic de la membrane tympanique
7290;Anneau fibrocartilagineux
7291;Osselets de l'ouïe
7292;Etrier
7293;Tête de l'étrier
7294;Jambe rostrale du stapes
7295;Jambe caudale du stapes
7296;Base de l'étrier
7297;Enclume
7298;Corps de l'enclume
7299;Jambe longue
7300;Processus lenticulaire
7301;Os lenticulaire
7302;Jambe courte
7303;Marteau
7304;Manche du marteau
7305;Tête du marteau
7306;Col du marteau
7307;Processus latéral
7308;Processus rostral
7309;Processus musculaire
7310;Articulations des osselets auditifs
7311;Articulation incudomalléaire
7312;Articulation incudostapédienne
7313;Syndesmose tympanostapédienne
7314;Ligaments des osselets de l'ouïe
7315;Ligaments du marteau
7316;Ligaments de l'enclume
7317;Membrane stapédienne
7318;Ligament annulaire de l'étrier
7319;Muscles des osselets de l'ouïe
7320;Muscle tenseur du tympan
7321;Muscle stapédien
7322;Muqueuse de la cavité tympanique
7323;Pli malléaire du tympan
7324;Pli de l'enclume
7325;Pli du stapes
7326;Trompe auditive
7327;Orifice tympanique de la trompe auditive
7328;Partie osseuse de la trompe auditive
7329;Isthme de la trompe auditive
7330;Partie cartilagineuse de la trompe auditive
7331;Cartilage de la trompe auditive
7332;Lame [cartilagineuse] médiale
7333;Lame [cartilagineuse] latérale
7334;Couche membraneuse
7335;Muqueuse de la trompe auditive
7336;Glandes tubaires
7337;Lymphonoeuds tubaires
7338;Diverticule du tube auditif (eq)
7339;Oreille externe
7340;Méat acoustique externe
7341;Orifice acoustique externe
7342;Méat acoustique cartilagineux externe
7343;Cartilage annulaire
7344;Conduits cartilagineux acoustiques
7345;Incisures du cartilage du méat acoustique
7346;Lame du tragus
7347;Cartilage de l'auricule
7348;Hélix
7349;Pilier médial de l'hélix
7350;Pilier latéral de l'hélix
7351;Epine de l'hélix
7352;Queue de l'hélix
7353;Bord tragique
7354;Bord antitragique
7355;Sac cutané marginal
7356;Scapha
7357;Plis du scapha
7358;Conque de l'auricule
7359;Cavité de la conque
7360;Antitragus
7361;Processus antitragique latéral
7362;Processus antitragique médial
7363;Pli antitragique
7364;Tragus
7365;Incisure prétragique
7366;Incisure intertragique
7367;Sommet de l'oreille
7368;Incisure terminale
7369;Incisure antitragohélicienne
7370;Processus styloïde de l'oreille
7371;Eminence de la conque
7372;Dos de l'oreille
7373;Muscles auriculaires intrinsèques
7374;Muscle de l'hélix
7375;Muscle de l'hélix mineure
7376;Muscle du tragus
7377;Muscle de l'antitragus
7378;Muscle caudo-antitragus
7379;Muscle transverse de l'auricule
7380;Muscle oblique de l'auricule
7381;Cartilage scutiforme
7382;Corps adipeux auriculaire
7383;Organe olfactif
7384;Région olfactive de la muqueuse nasale
7385;Glandes olfactives
7386;Organe gustatif
7387;Calicules gustatifs
7388;Pore gustatif
7389;Tégument commun
7390;Peau
7391;Sillons de la peau
7392;Crêtes de la peau
7393;Ligament de la peau
7394;Plis cutanés
7395;Palear (bo)
7396;Plis transverses du cou (ov)
7397;Appendices du cou (su, cap, ov)
7398;Torule tactile (Car)
7399;Sinus cutanés
7400;Sinus infra-orbitaire (ov)
7401;Sinus inguinal (VO)
7402;Sinus paranasal (Car)
7403;Sinus interdigital (ov)
7404;Epiderme
7405;Derme [Peau]
7406;Crêtes dermiques [de la peau]
7407;Terminaisons nerveuses
7408;Tissus sous-cutanés [Hypoderme]
7409;Couche adipeuse du tissu sous-cutané
7410;Poils
7411;Cheveux
7412;Soies
7413;Poil de laine
7414;Tête du cirrus
7415;Cirrus de la queue
7416;Métacarpe du cirrus
7417;Métatarse du cirrus
7418;Cils
7419;Barbe (cap)
7420;Tragi
7421;Vibrisses
7422;Poils tactiles
7423;Poils tactiles supra-orbitaires
7424;Poils tactiles infra-orbitaires
7425;Poils tactiles zygomatiques
7426;Poils tactiles buccaux
7427;Poils tactiles labiaux supérieurs
7428;Poils tactiles de la lèvre inférieure
7429;Poils tactiles mentonniers
7430;Poils tactiles carpiens (fe)
7431;Sommet du poil
7432;Arbre du poil
7433;Racine du poil
7434;Bulbe du poil
7435;Follicule pileux
7436;Poil de mamelon
7437;Muscle arrecteur du poil
7438;Rivière de poils
7439;Vortex pileux convergent
7440;Vortex pileux divergent
7441;Ligne pileuse convergente
7442;Ligne pileuse divergente
7443;Croix de poils
7444;Base de la corne
7445;Corps de la corne
7446;Sommet de la corne
7447;Épiderme de la corne
7448;Epicères
7449;Derme [Peau] de la corne
7450;Coussinets
7451;Coussinet carpien
7452;Coussinet tarsien
7453;Coussinet métatarsien
7454;Coussinet digital
7455;Coussinet de l'ongle
7456;Limbe [Vallum, Car]
7457;Epiderme du limbe [Perioplum, Un]
7458;Derme du limbe
7459;Tissu sous-cutané du limbe
7460;Couronne
7461;Epiderme coronal
7462;Derme [Peau] de la couronne
7463;Tissu sous-cutané de la couronne
7464;Couronne [Bourrelet du sabot] (Un)
7465;Paroi
7466;Epiderme pariétal
7467;Lamelles épidermiques
7468;Derme de la paroi
7469;Lamelles dermiques [chorioniques]
7470;Appareil suspenseur de l'ongle (Un)
7471;Paroi cornée
7472;Couche externe
7473;Couche moyenne
7474;Couche interne
7475;Zone blanche ou Ligne blanche du sabot
7476;Partie axiale
7477;Sillon axial
7478;Incisure para-articulaire
7479;Partie abaxiale
7480;Sillon abaxial
7481;Partie latérale
7482;Partie médiale
7483;Partie mobile latérale
7484;Partie mobile médiale
7485;Bord dorsal (Car, su, Ru)
7486;Partie dorsale
7487;Partie infléchie latérale
7488;Partie infléchie médiale
7489;Bord palmaire ou plantaire latéral
7490;Bord palmaire ou plantaire médial
7491;Angle pariétal palmaire ou plantaire latéral
7492;Angle pariétal palmaire ou plantaire médial
7493;Bord coronaire du sabot
7494;Bord soléaire
7495;Surface externe du sabot
7496;Surface interne du sabot
7497;Sillon limbal (Un)
7498;Sillon coronal (Un)
7499;Sole
7500;Epiderme de la sole
7501;Tubules épidermiques (Un)
7502;Derme [Peau] de la sole
7503;Tissu sous-cutané de la sole
7504;Sole cornée
7505;Corps de la sole
7506;Branche axiale de la sole
7507;Branche abaxiale de la sole
7508;Branche latérale de la sole
7509;Branche médiale de la sole
7510;Bord pariétal de la sole
7511;Bord central de la sole
7512;Angle axial de la sole
7513;Angle abaxial de la sole
7514;Angle solaire latéral
7515;Angle solaire médial
7516;Torus digital, torus ongulaire
7517;Epiderme du torus
7518;Derme [Chorion] du torus
7519;Tissu sous-cutané du torus [Coussinet digital]
7520;Partie torique du coussinet digital
7521;Torus corné
7522;Partie latérale (eq)
7523;Partie médiale (eq)
7524;Apex du torus
7525;Base du torus
7526;Fourchette [Coin de corne]
7527;Epiderme de la fourchette
7528;Tubules épidermiques
7529;Derme de la fourchette
7530;Papilles dermiques
7531;Tissu sous-cutané de la fourchette
7532;Fourchette cornée
7533;Sommet de la fourchette
7534;Base de la fourchette [Glome de la fourchette]
7535;Branche latérale de la fourchette
7536;Branche médiale de la fourchette
7537;Sillon paracuneal lateral
7538;Sillon paracunéal médial
7539;Sillon cunéal central [Lacune centrale]
7540;Épine cunéale [Arête de la fourchette]
7541;Capsule de sabot
7542;Face solaire
7543;Surface de contact
7544;Surface du fornix
7545;Angle dorsal
7546;Angle latéral
7547;Angle médial
7548;Angle palmaire ou plantaire latéral
7549;Angle palmaire ou plantaire médial
7550;Glandes cutanées
7551;Glandes sudoripares
7552;Glandes sébacées
7553;Glandes cérumineuses
7554;Glandes circumorales (fe)
7555;Glandes du plan rostral
7556;Glandes du plan nasolabial
7557;Glandes du plan nasal (ov)
7558;Glande mentonnière (su)
7559;Glandes du sinus infra-orbitaire (ov)
7560;Glande cornuale (cap)
7561;Glandes du sinus inguinal (ov)
7562;Glandes du sinus paranasal (Car)
7563;Glandes de la queue
7564;Glandes carpiens (su)
7565;Glandes du sinus interdigital (ov)
7566;Glandes du coussinet
7567;Mamelle (Pis)
7569;Têton
7570;Muscle sphincter papillaire
7571;Corps de la mamelle
7572;Sillon intermammaire
7573;Glande mammaire
7574;Lobes de la glande mammaire
7575;Lobules de la glande mammaire
7576;Conduit lactifère
7577;Sinus lactifère
7578;Partie glandulaire de la glande mammaire
7579;Partie papillaire
7580;Conduit papillaire
7581;Orifice papillaire
7582;Appareil suspenseur de la mamelle
7583;Lames latérales
7584;Lamelles suspensives
7585;Lames médiales [Ligament suspenseur du pis]
7586;Mamelle mâle
7587;(Mamelle accessoire)
;Termes ajoutés
7588;Cheval
7589;Ruminants
7590;Cochon
7591;Chat
7592;Chien
7593;Cochon, Ruminants, Cheval
7594;Carnivore, Cochon
7595;Carnivore
7596;Carnivore, Cochon, Cheval
7597;Vertèbre Cc1
7598;Vertèbre Cc2
7599;Vertèbre Cc3
7600;Vertèbre Cc4
7601;Vertèbre Cc5
7602;Vertèbre Cc6
7603;Vertèbre Cc7
7604;Vertèbre Cc8
7605;Vertèbre Cc9
7606;Vertèbre Cc10
7607;Vertèbre Cc11
7608;Vertèbre Cc12
7609;Vertèbre Cc13
7610;Vertèbre Cc14
7611;Vertèbre Cc15
7612;Vertèbre Cc16
7613;Vertèbre Cc17
7614;Vertèbre Cc18
7615;Vertèbre Cc19
7616;Vertèbre Cc20
7617;Vertèbre Cc21
7618;Vertèbre Cc22
7619;Vertèbre Cc23
7620;Vertèbre Cc24
7621;Vertèbre Cc25
7622;Vertèbre Cc26
7623;Vertèbre Cc27
7624;Vertèbre Cc28
7625;Vertèbre Cc29
7626;Vertèbre Cc30
7627;Vertèbre Cc31
7628;Vertèbre Cc32
7629;Vertèbre Cc33
7630;Vertèbre Cc34
7631;Vertèbre Cc35
7632;Souris
7635;Fascias de la tête
7636;Fascias cervicaux
7637;Fascias du thorax
7638;Fascias de l'abdomen
7639;Fascias du membre thoracique
7640;Fascias du membre pelvien
7642;Artères pulmonaires
7643;Artères coronaires
7644;Artères systémiques
7645;Système veineux
7647;Articulations du larynx
7648;Articulations de l'axe vertébral
7648;Articulations de la tête
7649;Articulations de la ceinture pelvienne
7650;Articulations fibreuses de la ceinture pelvienne
7651;Articulations cartilagineuses de la ceinture pelvienne
7652;Articulations synoviales de la ceinture pelvienne
7653;Articulations du membre pelvien libre
7654;Articulations fibreuses du membre pelvien libre
7655;Articulations synoviales du membre pelvien libre membre
7656;Articulations fibreuses crâniennes
7656;Articulations cartilagineuses crâniennes
7656;Articulations synoviales crâniennes
7657;Syndesmoses crâniennes
7657;Articulations des osselets de l'ouïe
7658;Articulations fibreuses du larynx
7659;Articulation synoviale du larynx
7660;Articulations fibreuses de l'axe vertébral
7661;Articulations cartilagineuses de l'axe vertébral
7661;Articulation sacrococcygienne
7662;Articulations synoviales de l'axe vertébral
7663;Articulations du thorax
7664;Articulations fibreuses du thorax
7665;Articulations cartilagineuses du thorax
7666;Articulations synoviales du thorax
7676;Coiffe des rotateurs
7677;Compartiment antérieur du bras
7678;Compartiment postérieur du bras
7679;Compartiment caudal de l'avant-bras
7686;Muscles fessiers superficiels
7687;Muscles glutéaux profonds
7688;Compartiment antérieur de la cuisse
7689;Compartiment médial de la cuisse
7690;Compartiment postérieur de la cuisse
7691;Compartiment antérieur de la jambe
7692;Compartiment latéral de la jambe
7693;Compartiment postérieur de la jambe
7694;Partie superficielle du compartiment postérieur de la jambe
7695;Partie profonde du compartiment postérieur de la jambe
7696;Muscles extra-oculaires
7697;Muscles superficiels de la tête
7698;Muscle épicrânien
7699;Muscles faciaux
7701;Muscles hipaxiaux du dos
7702;Muscles épiaxiaux
7703;Muscles suboccipitaux
7705;Muscles épineux transversaires
7706;Fascia endo-abdominal
7708;Muscles du pelvis
7713;Muscle stylopharyngien
7716;Muscle oblique inférieur de l'œil
7717;Muscle droit inférieur de l'œil
7718;Muscle élévateur de la paupière supérieure
7719;Muscle oblique supérieur de l'œil
7720;Muscle droit supérieur de l'œil
7721;Trochlée du muscle oblique supérieur
7722;Muscle nasal
7723;Muscles splénius
7725;Muscles du pied
7726;Muscles de la main
7727;Muscles du triangle anal
7728;Muscles du trigone urogénital
7729;Tendon du quadriceps fémoral
7730;Système viscéral
7731;Tête
7732;Anneau tendineux commun
7733;Bouche
7734;Crâne (Partie du corps)
7735;Carpe
7736;Pelvis (Partie du corps)
7737;Axe vertébral (Partie du corps)
7738;Larynx (Partie du corps)
7739;Poitrail
7740;Pharynx
7741;Corne
7742;Corne (Tégument commun)
7743;Griffe, sabot;Claw, hoof;Ungula, ungula;
7744;Régions du thorax
7746;Bregma
7747;Astérion
7748;Gonion
7749;Inion
7750;Lambda
7751;Nasion
7752;Pogonion
7753;Ptérion
7754;Corps entier
7755;Collections bonus
7756;Structures symétriques
7757;Structures asymétriques
7758;Insertions appendiculaires
7759;Insertions axiales
7760;Insertions du long abducteur du pouce
7761;Insertions du court adducteur de l'hallux
7762;Insertions des muscles adducteurs de la hanche
7763;Insertions du muscle anconé
7764;Insertions du muscle biceps brachial
7765;Insertions du muscle biceps fémoral
7766;Insertions du mucle brachial
7767;Insertions du muscle brachioradial
7768;Insertions du muscle buccinateur
7769;Insertions du muscle coracoradial
7770;Insertions du muscle deltoïde
7771;Insertions du diaphragme
7772;Insertions de l'extenseur ulnaire du carpe
7773;Insertions de l'extenseur des doigts indicis
7774;Insertions du long extenseur des doigts du pied
7775;Insertions du court extenseur de l'hallux
7776;Insertions du muscle long extenseur de l'hallux
7777;Insertions du court extenseur du pouce
7778;Insertions du long extenseur du pouce
7779;Insertions du long extenseur radial
7780;Insertions du muscle oblique abdominal externe
7781;Insertions des muscles du visage
7782;Insertions du muscle court fibulaire
7783;Insertions du muscle fibulaire tiers
7784;Insertions du muscle fléchisseur ulnaire du carpe
7785;Insertions du court fléchisseur des orteils
7786;Insertions du long fléchisseur des doigts
7787;Insertions du long fléchisseur de l'hallux
7788;Insertions du muscle long fléchisseur du pouce
7789;Insertions des muscles gémellaires
7790;Insertions du muscle génio-hyoïdien
7791;Insertions des muscles fessiers
7792;Insertions du muscle grand fessier
7793;Insertions du muscle moyen fessier
7794;Insertions du muscle gracile
7795;Insertions du muscle psoas-iliaque
7796;Insertions du muscle sous-épineux
7797;Insertions de l'oblique abdominal interne
7798;Insertions du muscle oblique abdominal interne
7799;Insertions du muscle grand dorsal
7800;Insertions des levatores longi costarum
7801;Insertions du ligament plantaire long
7802;Insertions du longissimus thoracis
7803;Insertions des membres inférieurs
7804;Insertions de masséter
7805;Insertions de l'obliquus inférieur de la tête
7806;Insertions du muscle obturateur externe
7807;Insertions du muscle obturateur interne
7808;Insertions du muscle omohyoïdien
7809;Insertions du grand pectoral
7810;Insertions du muscle petit pectoral
7811;Insertions du muscle interosseux plantaire
7812;Insertions du muscle poplité
7813;Insertions du muscle procerus
7814;Insertions du muscle carré pronateur
7815;Insertions du muscle rond pronateur
7816;Insertions des muscles ptérygoïdiens
7817;Insertions du muscle carré fémoral
7818;Insertions du muscle droit de l'abdomen
7819;Insertions du droit antérieur de la tête
7820;Insertions du muscle grand droit postérieur
7821;Insertions du muscle mineur droit postérieur
7822;Insertions de muscles rhomboïdes
7823;Insertions du muscle sartorius
7824;Insertions du scalène antérieur
7825;Insertions du Scalenus moyen et postérieur
7826;Insertions du muscle semimenbranosus
7827;Insertions du muscle semi-tendineux
7828;Insertions du muscle grand dentelé antérieur
7829;Insertions du grand dentelé postérieur
7830;Insertions du muscle serratus postéro-inférieur
7831;Insertions du muscle serratus postéro-supérieur
7832;Insertions du sternocléidomastoïdien
7833;Insertions du muscle sterno-hyoïdien
7834;Insertions du muscle sous-scapulaire
7835;Insertions du muscle supinateur
7836;Insertions du muscle sus-épineux
7837;Insertions du muscle temporal
7838;Insertions du muscle grand rond
7839;Insertions du muscle petit rond